time,phase,temperature,battery,signal_strength,cpu_load,fault_type,threshold_anomaly,zscore_anomaly,isolation_anomaly,temp_score,battery_score,signal_score,cpu_score,health_score,system_status
0,launch,28.42490117863296,89.54864660963027,85.76853714596986,64.84605796999445,none,0,0,0,0.789377470534176,0.8693580826203784,0.762808952432831,0.35153942030005547,0.7204903404929436,Warning
1,launch,32.138865845027595,87.6915043679039,86.49575092031928,64.65413801146006,none,0,0,0,0.6965283538743101,0.8461438045987988,0.7749291820053213,0.3534586198853994,0.6884792079200768,Warning
2,launch,30.32391147844081,88.95203963968126,78.73203035316288,78.60680332920909,none,0,0,0,0.7419022130389797,0.8619004954960158,0.6455338392193813,0.21393196670790915,0.6530339737459568,Warning
3,launch,25.800555326724528,88.50551049782408,83.33953961006641,84.15075420207465,none,0,0,0,0.8549861168318869,0.856318881222801,0.7223256601677736,0.1584924579792535,0.6895551230458118,Warning
4,launch,33.95759403452603,89.21147751228064,88.65872900988178,78.5041263381963,none,0,0,0,0.6510601491368492,0.865143468903508,0.8109788168313631,0.214958736618037,0.6600485961019872,Warning
5,launch,25.086287006890725,92.30471302248364,82.83596386123138,41.95975383920028,none,0,0,0,0.8728428248277319,0.9038089127810455,0.7139327310205229,0.5804024616079972,0.7918625598083372,Healthy
6,launch,30.264285456753253,90.3475680035112,84.47195018169211,75.94297030491344,none,0,0,0,0.7433928635811686,0.87934460004389,0.7411991696948684,0.24057029695086551,0.6831751324166644,Warning
7,launch,29.10975480823625,88.87574976599886,82.29703525788211,64.97004062579829,none,0,0,0,0.7722561297940937,0.8609468720749858,0.7049505876313685,0.35029959374201713,0.7010109368354009,Warning
8,launch,26.105073922431856,89.61454500642651,84.28638615885708,44.90976967959367,none,0,0,0,0.8473731519392036,0.8701818125803313,0.7381064359809514,0.5509023032040632,0.7730682371928634,Healthy
9,launch,30.864200905366,91.37408227068155,89.11498492677138,67.60631519260924,none,0,0,0,0.72839497736585,0.8921760283835194,0.8185830821128565,0.32393684807390755,0.7146752877621636,Warning
10,launch,32.2780615130288,88.9516497154864,89.57041335150556,50.30810880216045,none,0,0,0,0.69304846217428,0.86189562144358,0.8261735558584261,0.49691891197839555,0.7311017186527223,Warning
11,launch,32.05051380337694,89.73025499063256,90.491581218901,64.32763377033855,none,0,0,0,0.6987371549155765,0.871628187382907,0.84152635364835,0.35672366229661445,0.710759605878538,Warning
12,launch,36.74595693788952,92.12191079608992,78.0997537679609,67.08901795651943,none,0,0,0,0.5813510765527621,0.901523884951124,0.6349958961326817,0.32910982043480574,0.6376836317646634,Warning
13,launch,29.78418119142742,87.28245442874616,87.8187683511632,55.99114564478688,none,0,0,0,0.7553954702143144,0.841030680359327,0.7969794725193867,0.4400885435521311,0.726341448386396,Warning
14,launch,30.72608573706834,89.05993072202375,80.60241361029718,79.20661420689858,none,0,0,0,0.7318478565732915,0.8632491340252969,0.6767068935049529,0.20793385793101427,0.6554572474667699,Warning
15,launch,37.26827839286934,88.66111273355098,88.15424624883553,83.56519154410371,none,0,0,0,0.5682930401782664,0.8582639091693872,0.8025707708139256,0.16434808455896288,0.6213508558788738,Warning
16,launch,27.14173294268452,89.33721586967353,83.93381046328587,56.6098484603541,none,0,0,0,0.821456676432887,0.8667151983709191,0.7322301743880978,0.43390151539645894,0.7396779003980531,Warning
17,launch,32.994953170323335,88.96212727846671,78.638579067091,63.65638176771093,none,0,0,0,0.6751261707419166,0.8620265909808339,0.64397631778485,0.36343618232289066,0.6626283285383733,Warning
18,launch,27.613962644816,93.75931556542434,78.63800463805232,80.61638198268723,none,0,0,0,0.8096509338796001,0.9219914445678044,0.6439667439675387,0.19383618017312765,0.6870532983623546,Warning
19,launch,26.93379111595025,91.1557785448367,88.46486997577841,52.92940532533113,none,0,0,0,0.8266552221012438,0.8894472318104588,0.8077478329296403,0.47070594674668864,0.7705214921087766,Healthy
20,launch,28.449560036249988,88.27706930669147,84.4477885394085,68.21622802742951,none,0,0,0,0.7887609990937503,0.8534633663336434,0.7407964756568084,0.31783771972570496,0.7043941487047207,Warning
21,launch,28.83278555371978,85.0012849245728,78.5727502378232,73.50902505183585,none,0,0,0,0.7791803611570055,0.81251606155716,0.6428791706303867,0.2649097494816415,0.6590667108366552,Warning
22,launch,31.588020947098627,92.87648392417668,88.1176478640929,65.1424665995003,none,0,0,0,0.7102994763225343,0.9109560490522085,0.8019607977348817,0.3485753340049971,0.7164838839603985,Warning
23,launch,27.362105310497128,88.62202658131564,88.02984798752314,83.71641582548045,none,0,0,0,0.8159473672375718,0.8577753322664454,0.800497466458719,0.1628358417451955,0.6947834714919879,Warning
24,launch,27.710755374601263,87.70300708706145,82.74782351368619,56.9893776292394,none,0,0,0,0.8072311156349684,0.8462875885882681,0.7124637252281031,0.430106223707606,0.7245696010541127,Warning
25,launch,31.844008957224624,85.47489444727087,84.39477216330253,76.07459167656509,none,0,0,0,0.7038997760693844,0.8184361805908859,0.7399128693883755,0.23925408323434905,0.652534177522626,Warning
26,launch,29.932079556099183,88.72811362736424,82.83464559870824,64.5298522075774,none,0,0,0,0.7516980110975204,0.859101420342053,0.7139107599784705,0.3547014779242259,0.6969622770124112,Warning
27,launch,29.65455880528392,88.27240291124087,80.41735530017898,72.70655609982472,none,0,0,0,0.758636029867902,0.8534050363905109,0.6736225883363164,0.27293443900175274,0.6729237253451377,Warning
28,launch,34.861085412622586,88.17592887757107,84.51662370718074,77.2410001165437,none,0,0,0,0.6284728646844353,0.8521991109696383,0.7419437284530124,0.227589998834563,0.6381083381537371,Warning
29,launch,29.17506420160491,90.99015171943806,84.98453554375813,75.8243448324697,none,0,0,0,0.7706233949598772,0.8873768964929758,0.7497422590626355,0.24175655167530297,0.6956998495834436,Warning
30,launch,31.012738379275508,89.93413677669355,89.98720206908021,63.50422467847508,none,0,0,0,0.7246815405181123,0.8741767097086693,0.8331200344846702,0.36495775321524915,0.7192730326080183,Warning
31,launch,28.310005930536708,91.0165735935668,78.41639481668172,69.69112134601225,none,0,0,0,0.7922498517365824,0.8877071699195851,0.6402732469446952,0.3030887865398775,0.6926595131937647,Warning
32,launch,32.27281758348854,88.44707433175519,86.36741615372372,44.39674053493022,none,0,0,0,0.6931795604127865,0.8555884291469399,0.7727902692287287,0.5560325946506979,0.7303949696438032,Warning
33,launch,34.720156053388685,90.74618428763736,82.60090051398355,56.153428701129926,none,0,0,0,0.6319960986652828,0.8843273035954671,0.7100150085663924,0.43846571298870074,0.6845931649892436,Warning
34,launch,33.60692633441474,87.38399615923562,89.46920648617346,77.16503619513658,none,0,0,0,0.6598268416396316,0.8422999519904453,0.8244867747695577,0.22834963804863417,0.6612053206526615,Warning
35,launch,36.53381258571913,89.1674977048064,90.46662409848804,83.40686385817082,none,0,0,0,0.5866546853570217,0.8645937213100799,0.8411104016414673,0.1659313614182918,0.6367828746120823,Warning
36,launch,26.92433483360304,93.18067547916031,82.81555131276716,69.36698516342352,none,0,0,0,0.826891629159924,0.914758443489504,0.7135925218794525,0.3063301483657648,0.7264795558438718,Warning
37,launch,33.07133495955223,90.78404375919536,81.71227126348778,65.71506286271962,none,0,0,0,0.6732166260111943,0.8848005469899419,0.6952045210581297,0.3428493713728038,0.6750159303865275,Warning
38,launch,27.276177438990977,90.60451561032266,78.609586578345,67.1123374171288,none,0,0,0,0.8180955640252255,0.8825564451290333,0.6434931096390833,0.328876625828712,0.7046695498398367,Warning
39,launch,31.393611190527125,90.20077762471688,82.20520787106939,68.52263381497707,none,0,0,0,0.7151597202368218,0.877509720308961,0.7034201311844899,0.31477366185022926,0.6814395907706787,Warning
40,launch,27.837349291029675,90.96382323450548,83.14319753514378,62.61325598306837,none,0,0,0,0.8040662677242582,0.8870477904313185,0.7190532922523964,0.3738674401693163,0.7259183639310156,Warning
41,launch,24.95178887892486,91.6221893084718,89.87430695653642,42.84699796175096,none,0,0,0,0.8762052780268785,0.8952773663558975,0.831238449275607,0.5715300203824905,0.8119984872464523,Healthy
42,launch,27.66715516977809,91.14309104088736,82.55650343787008,71.13723677412013,none,0,0,0,0.8083211207555477,0.8892886380110919,0.7092750572978346,0.2886276322587987,0.7088634655413185,Warning
43,launch,30.65781164446864,90.64278504862172,74.29905818299947,78.27859087173104,none,1,0,0,0.733554708888284,0.8830348131077714,0.5716509697166579,0.21721409128268965,0.6427498687986861,Warning
44,launch,28.79962515047127,92.08863431482868,74.24260461815356,60.90141134854623,none,1,0,0,0.7800093712382182,0.9011079289353585,0.570710076969226,0.3909858865145377,0.6966743827488258,Warning
45,launch,35.9041402682407,90.301569788414,89.08844941401466,59.41920472308245,none,0,0,0,0.6023964932939825,0.878769622355175,0.818140823566911,0.4058079527691755,0.6891395899619644,Warning
46,launch,31.5322724857928,89.33445093278395,73.0878741269512,50.2809951354803,none,1,0,0,0.71169318785518,0.8666806366597994,0.5514645687825201,0.497190048645197,0.6832430708400372,Warning
47,launch,33.01087619516535,87.76967752931004,86.74108616741086,76.2334825735826,none,0,0,0,0.6747280951208662,0.8471209691163756,0.7790181027901809,0.237665174264174,0.6598913746820435,Warning
48,launch,31.39130755004812,91.2171983500957,92.10254753783366,73.06834227752017,none,0,0,0,0.7152173112487971,0.8902149793761962,0.8683757922972276,0.2693165772247983,0.7091681610919032,Warning
49,launch,31.450396037667684,87.74545852343165,85.75535747025587,78.92347670313274,none,0,0,0,0.7137400990583079,0.8468182315428956,0.7625892911709312,0.21076523296867267,0.6628384040082819,Warning
50,launch,27.310593762125485,89.95301050258928,86.97052350861593,63.011897631547086,none,0,0,0,0.8172351559468629,0.874412631282366,0.7828420584769321,0.36988102368452913,0.738038952601061,Warning
51,launch,35.81990690988684,89.45380358635182,82.32962124546137,66.03975394262014,none,0,0,0,0.604502327252829,0.8681725448293978,0.7054936874243561,0.3396024605737986,0.6508216912242989,Warning
52,launch,29.905803464361952,91.78879114848326,85.66754199695993,78.18864076823954,none,0,0,0,0.7523549133909512,0.8973598893560407,0.7611256999493321,0.21811359231760463,0.6907622992774849,Warning
53,launch,28.325569009604266,89.98300348075664,79.68245172684824,47.74929625306252,none,0,0,0,0.7918607747598934,0.874787543509458,0.6613741954474707,0.5225070374693748,0.7367707420641745,Warning
54,launch,29.56832835606805,90.14004457890938,85.51825263861299,73.4321936703673,none,0,0,0,0.7607917910982988,0.8767505572363673,0.7586375439768832,0.26567806329632704,0.6961258259550418,Warning
55,launch,24.561551033229904,91.57887258039185,88.57105259835124,79.7917501854424,none,0,0,0,0.8859612241692524,0.894735907254898,0.809517543305854,0.202082498145576,0.7365291477175311,Warning
56,launch,29.61653385420641,88.8922213109315,86.25588627155499,67.79568110676105,none,0,0,0,0.7595866536448398,0.8611527663866438,0.7709314378592498,0.3220431889323895,0.7048167513677729,Warning
57,launch,31.533956199184,88.84900168530747,84.89096254314839,59.03634817223962,none,0,0,0,0.7116510950204,0.8606125210663433,0.7481827090524732,0.40963651827760383,0.7032429302920384,Warning
58,launch,32.651619893594315,90.0706788873361,84.65455269888012,62.042787841050206,none,0,0,0,0.6837095026601421,0.8758834860917013,0.7442425449813354,0.37957212158949794,0.6926408299397198,Warning
59,launch,30.185856089151724,93.1151687526288,84.36808185794654,68.26056299235088,none,0,0,0,0.7453535977712069,0.91393960940786,0.7394680309657756,0.3173943700764912,0.7091604423621735,Warning
60,launch,21.197247755679548,85.4275829676562,88.90186838088508,74.1946429293119,none,0,0,0,0.9700688061080113,0.8178447870957026,0.8150311396814179,0.25805357070688106,0.7509910200387739,Healthy
61,launch,25.89546733917623,88.33866920701499,76.9569920590961,66.15778242640285,none,0,0,0,0.8526133165205942,0.8542333650876873,0.6159498676516015,0.33842217573597155,0.7029284131599991,Warning
62,launch,26.20126064010281,88.19981661331703,81.55923959532561,77.59747370771501,none,0,0,0,0.8449684839974297,0.8524977076664628,0.6926539932554268,0.22402526292284985,0.6925757087348232,Warning
63,launch,27.027835229683816,88.85941342920418,86.90532034263833,57.88044816835985,none,0,0,0,0.8243041192579046,0.8607426678650523,0.7817553390439722,0.42119551831640156,0.7461042076089619,Warning
64,launch,33.2241216768141,87.61714145819211,88.65469601769749,70.34423479878772,none,0,0,0,0.6693969580796475,0.8452142682274013,0.8109116002949581,0.2965576520121228,0.6758772183535309,Warning
65,launch,28.616915888492564,87.12936702258658,85.48551942630647,60.40552429136654,none,0,0,0,0.7845771027876859,0.8391170877823322,0.7580919904384411,0.3959447570863346,0.7179156066759605,Warning
66,launch,32.226040585217945,92.5470379839066,87.08033572134043,82.26916540086326,none,0,0,0,0.6943489853695514,0.9068379747988325,0.7846722620223405,0.17730834599136747,0.6727522096532569,Warning
67,launch,29.558834179218103,89.66805335060683,84.39738555610796,67.3369287123731,none,0,0,0,0.7610291455195475,0.8708506668825853,0.7399564259351327,0.3266307128762691,0.7028813714829202,Warning
68,launch,27.46625858271552,88.23489711645601,83.25343592991275,68.41292957018393,none,0,0,0,0.813343535432112,0.8529362139557002,0.7208905988318792,0.31587070429816066,0.7072361854423516,Warning
69,launch,28.189965689834825,89.61902629917796,89.71244943291751,65.18470276556657,none,0,0,0,0.7952508577541294,0.8702378287397246,0.8285408238819585,0.3481529723443343,0.7349853651934147,Warning
70,launch,26.269802209937605,89.58373208171754,81.17130040411331,79.00443401941578,none,0,0,0,0.8432549447515598,0.8697966510214693,0.6861883400685552,0.2099556598058422,0.6931442787067882,Warning
71,launch,25.598887493247577,91.87721369590211,83.05388190929447,46.19472040847982,none,0,0,0,0.8600278126688106,0.8984651711987764,0.7175646984882412,0.5380527959152018,0.7786713940409647,Healthy
72,launch,29.9590822442857,90.21694730220992,86.30807341319543,72.51641225110438,none,0,0,0,0.7510229438928575,0.8777118412776239,0.7718012235532572,0.2748358774889561,0.6979478557595871,Warning
73,launch,31.54286713422892,88.29306251782337,90.63311925790924,74.07473877592861,none,0,0,0,0.7114283216442769,0.8536632814727921,0.843885320965154,0.25925261224071394,0.6901550675762944,Warning
74,launch,36.42459752556713,86.29652251562622,79.41772520644086,65.47047609657412,none,0,0,0,0.5893850618608217,0.8287065314453278,0.6569620867740144,0.34529523903425885,0.6258789431534995,Warning
75,launch,23.040590099637413,89.00826809940378,83.8677026685182,61.97317481988259,none,0,0,0,0.9239852475090646,0.8626033512425473,0.7311283778086367,0.3802682518011742,0.7582559055474458,Healthy
76,launch,28.59418675688279,92.13450556334084,87.21729385112758,61.11476539012337,none,0,0,0,0.7851453310779302,0.9016813195417605,0.786954897518793,0.3888523460987663,0.741209443909419,Warning
77,launch,32.34003941304252,86.86429876149579,79.98511244807752,76.73340095244764,none,0,0,0,0.691499014673937,0.8358037345186974,0.6664185408012919,0.2326659904755236,0.6380077310131533,Warning
78,launch,29.46836028710665,93.91617788708024,85.11358240249237,85.8828380124258,none,0,0,0,0.7632909928223338,0.9239522235885029,0.7518930400415395,0.14117161987574212,0.6847858969067073,Warning
79,launch,29.038295497479734,89.52355281117146,91.79869390681226,90.1580697680614,none,0,0,0,0.7740426125630067,0.8690444101396432,0.8633115651135377,0.098419302319386,0.6852722802973796,Warning
80,launch,29.206245197104103,89.70735227090874,79.84361257499138,82.68068712536513,none,0,0,0,0.7698438700723974,0.8713419033863593,0.6640602095831897,0.17319312874634873,0.6598063997035347,Warning
81,launch,31.15335568051082,88.62056754311565,82.3773741829617,59.60207708351816,none,0,0,0,0.7211661079872295,0.8577570942889456,0.7062895697160284,0.40397922916481843,0.695730720459022,Warning
82,launch,31.668559868967787,92.29872314999427,81.42822960877331,70.38327942583075,none,0,0,0,0.7082860032758054,0.9037340393749285,0.6904704934795551,0.29616720574169253,0.6809335526394696,Warning
83,launch,32.43516028128599,94.7146858679178,89.12122435450632,53.40566625364686,none,0,0,0,0.6891209929678503,0.9339335733489724,0.8186870725751054,0.46594333746353145,0.7438424519027742,Warning
84,launch,28.63371861569987,85.94954449042437,85.14492109709468,72.37331801771067,none,0,0,0,0.7841570346075033,0.8243693061303047,0.7524153516182447,0.27626681982289325,0.68829433650957,Warning
85,launch,28.16748160689933,91.3132938812695,79.47261065089809,73.0435400926103,none,0,0,0,0.7958129598275168,0.8914161735158688,0.6578768441816348,0.26956459907389696,0.6916570286541222,Warning
86,launch,31.91728411373818,90.93571028231403,89.61862058324719,59.83583097266613,none,0,0,0,0.7020678971565455,0.8866963785289255,0.8269770097207866,0.40164169027333874,0.7223530227044663,Warning
87,launch,30.66982685333465,87.21679630173402,82.98871250137647,77.42081009548161,none,0,0,0,0.7332543286666338,0.8402099537716753,0.7164785416896078,0.22579189904518382,0.6604933728784511,Warning
88,launch,34.601895185490726,89.15451282994131,80.62251626953535,65.82555257532177,none,0,0,0,0.6349526203627318,0.8644314103742664,0.6770419378255892,0.34174447424678234,0.6535724916355737,Warning
89,launch,30.2547179129246,90.07229369753232,88.16136276777738,80.65959462927815,none,0,0,0,0.743632052176885,0.8759036712191539,0.8026893794629563,0.19340405370721858,0.6850794036528466,Warning
90,launch,27.68554477987312,89.62172601196093,91.94051224517872,69.65192828206831,none,0,0,0,0.807861380503172,0.8702715751495116,0.865675204086312,0.3034807171793169,0.7372710709489309,Warning
91,launch,27.764341043805903,90.54515565244544,85.98265271749058,62.96298426139127,none,0,0,0,0.8058914739048524,0.8818144456555681,0.7663775452915097,0.37037015738608725,0.7336613164036456,Warning
92,launch,35.396182773736186,89.52699489018255,85.13490617554885,96.6275041164142,none,0,0,1,0.6150954306565953,0.8690874361272819,0.7522484362591475,0.03372495883585802,0.6024495390541642,Warning
93,launch,28.063281414713884,89.42532177915047,85.22935661638718,87.25186327855442,none,0,0,0,0.7984179646321529,0.8678165222393808,0.7538226102731197,0.1274813672144558,0.6761311415589752,Warning
94,launch,31.2834958718555,90.98605490121054,89.7670536244976,75.12133288029486,none,0,0,0,0.7179126032036125,0.8873256862651318,0.8294508937416267,0.24878667119705145,0.6972189998283589,Warning
95,launch,28.914208259439,89.04052564299829,88.8239717594577,56.12871555902089,none,0,0,0,0.777144793514025,0.8630065705374786,0.8137328626576285,0.4387128444097911,0.7425345506289349,Warning
96,launch,29.11710373941226,89.11735540164143,82.25483568842324,65.16012193842825,none,0,0,0,0.7720724065146934,0.8639669425205179,0.7042472614737207,0.3483987806157175,0.701341013128451,Warning
97,launch,32.922836364948246,87.34104303054767,74.78689734874052,74.07124255905327,none,1,0,0,0.6769290908762938,0.8417630378818458,0.5797816224790088,0.25928757440946726,0.6234214780051371,Warning
98,launch,27.57139523090152,89.30191700446709,86.93662703707382,94.389677786027,none,0,0,0,0.810715119227462,0.8662739625558386,0.7822771172845636,0.05610322213973007,0.670772792419849,Warning
99,launch,27.76967704686193,93.93019136412866,87.32242928915714,72.01021681965297,none,0,0,0,0.8057580738284518,0.9241273920516082,0.7887071548192857,0.2798978318034703,0.7326866370885692,Warning
100,stabilization,23.33578955224553,89.14362392493838,88.91730345004038,54.37743268634963,none,0,0,0,0.9166052611938618,0.8642952990617297,0.8152883908340063,0.45622567313650375,0.7885729808707795,Healthy
101,stabilization,29.49460344964364,85.41502481629225,87.13099226848603,63.00197124213115,none,0,0,0,0.762634913758909,0.8176878102036531,0.7855165378081004,0.3699802875786885,0.7051961822661263,Warning
102,stabilization,28.43415775578656,86.67969606426273,91.53011455324064,59.57675991144039,none,0,0,0,0.789146056105336,0.8334962008032841,0.8588352425540106,0.4042324008855961,0.7394062057605074,Warning
103,stabilization,29.30156869442443,83.83653313516301,90.79620989510994,54.69868992166081,none,0,0,0,0.7674607826393893,0.7979566641895376,0.8466034982518323,0.45301310078339196,0.7295485538557229,Warning
104,stabilization,30.498438352960203,86.10128034484633,90.61620832736706,48.194771292860366,none,0,0,0,0.7375390411759949,0.8262660043105792,0.8436034721227844,0.5180522870713964,0.7414726654848085,Warning
105,stabilization,26.89756639031413,80.73772928054265,90.18729446686372,49.56260707186354,none,0,0,0,0.8275608402421468,0.7592216160067832,0.836454907781062,0.5043739292813646,0.7442005042871643,Warning
106,stabilization,26.97157465304271,88.68791672531832,89.0336318131914,48.38289839743008,none,0,0,0,0.8257106336739323,0.858598959066479,0.8172271968865235,0.5161710160256991,0.7719725204045679,Healthy
107,stabilization,25.46975344446843,85.56067248479201,90.6730588135622,60.99146956845384,none,0,0,0,0.8632561638882892,0.8195084060599,0.8445509802260368,0.3900853043154616,0.7517566278927564,Healthy
108,stabilization,25.24496898168868,84.40706230678563,85.1438618693302,44.8654660453117,none,0,0,0,0.868875775457783,0.8050882788348204,0.7523976978221699,0.551345339546883,0.7629378237615917,Healthy
109,stabilization,28.69219359868968,90.32719259939378,89.9429805620837,40.19168324588311,none,0,0,0,0.782695160032758,0.8790899074924223,0.8323830093680618,0.5980831675411689,0.7846287556394003,Healthy
110,stabilization,24.52344558318836,91.56809392873016,87.18126333466704,45.8038177425422,none,0,0,0,0.8869138604202911,0.8946011741091271,0.7863543889111173,0.5419618225745779,0.8001177526559645,Healthy
111,stabilization,26.23739343647956,81.71864809393591,91.55293615816764,58.06112281415466,none,0,0,0,0.844065164088011,0.7714831011741989,0.8592156026361273,0.41938877185845347,0.7403853544775791,Warning
112,stabilization,24.46727138279941,83.98474773271568,89.82037086506854,48.81704416896493,none,0,0,0,0.8883182154300148,0.799809346658946,0.830339514417809,0.5118295583103507,0.7748720831723201,Healthy
113,stabilization,29.49323953390273,85.2870237886442,88.76089215384044,47.90780750271448,none,0,0,0,0.7626690116524317,0.8160877973580526,0.8126815358973407,0.5209219249728552,0.7403477348771844,Warning
114,stabilization,27.682861243893683,80.91059560591187,89.46293102079738,51.26713663445971,none,0,0,0,0.8079284689026579,0.7613824450738983,0.8243821836799564,0.4873286336554029,0.7331354376600387,Warning
115,stabilization,26.95176307891797,86.79384112447745,90.15338254801932,57.48113980987709,none,0,0,0,0.8262059230270508,0.8349230140559681,0.8358897091336553,0.4251886019012291,0.7505543433318825,Healthy
116,stabilization,31.211784486526938,84.10156030314222,91.74210910583813,39.80759562959469,none,0,0,0,0.7197053878368266,0.8012695037892777,0.8623684850973021,0.6019240437040532,0.7491509732481023,Warning
117,stabilization,26.95521762334221,91.62897848115516,85.62997957314462,56.83412378458041,none,0,0,0,0.8261195594164448,0.8953622310144395,0.7604996595524104,0.43165876215419585,0.7548762214705864,Healthy
118,stabilization,25.47938962475496,94.22930792622924,88.45869208741945,51.35218171154079,none,0,0,0,0.863015259381126,0.9278663490778655,0.8076448681236575,0.4864781828845921,0.7960890927393474,Healthy
119,stabilization,29.77389604656982,90.83801417053482,88.33443389357714,50.62919718393432,none,0,0,0,0.7556525988357545,0.8854751771316852,0.8055738982262857,0.49370802816065673,0.7521947180676205,Healthy
120,stabilization,24.98387344571965,91.1846745796343,88.95674777726218,49.39289847942192,none,0,0,0,0.8754031638570088,0.8898084322454288,0.815945796287703,0.5060710152057808,0.7939668411294281,Healthy
121,stabilization,28.18931178521514,84.753157003021,91.00585032558855,55.34422416875604,none,0,0,0,0.7952672053696215,0.8094144625377625,0.8500975054264759,0.4465577583124396,0.7407355531199983,Warning
122,stabilization,29.440161280741645,86.60078061343954,87.38387469249236,65.162079284174,none,0,0,0,0.7639959679814589,0.8325097576679943,0.7897312448748726,0.34837920715826,0.7065738081014624,Warning
123,stabilization,27.99496642868332,85.45086406656476,90.0574995964306,54.64848016387752,none,0,0,0,0.800125839282917,0.8181358008320595,0.83429165994051,0.4535151983612248,0.7430398636948399,Warning
124,stabilization,24.56113988650254,88.2156538284366,88.65791756222005,63.73755194050581,none,0,0,0,0.8859715028374364,0.8526956728554576,0.8109652927036675,0.3626244805949419,0.7563181073675901,Healthy
125,stabilization,28.99191085050487,86.5178520365713,95.39982542527076,37.60456985911927,none,0,0,0,0.7752022287373783,0.8314731504571412,0.9233304237545127,0.6239543014088073,0.7914595587910198,Healthy
126,stabilization,27.408486134377096,87.2229199413777,91.4070818991715,47.4615934911413,none,0,0,0,0.8147878466405726,0.8402864992672212,0.856784698319525,0.525384065088587,0.7729560564539605,Healthy
127,stabilization,27.5779082083136,80.37356930794256,89.16387565568198,58.78441346625316,none,0,0,0,0.8105522947921601,0.754669616349282,0.8193979275946996,0.4121558653374684,0.7158773319288662,Warning
128,stabilization,22.738115877616007,81.8913752922461,89.92975634105936,57.502599177280544,none,0,0,0,0.9315471030595999,0.7736421911530762,0.8321626056843227,0.42497400822719456,0.7629841110461063,Healthy
129,stabilization,25.082779792752863,85.33584822473726,90.04090894758683,55.95290978416469,none,0,0,0,0.8729305051811784,0.8166981028092157,0.8340151491264471,0.44047090215835316,0.7617857926540783,Healthy
130,stabilization,28.68331998942193,91.5564536051168,89.9776713676364,63.547556181023296,none,0,0,0,0.7829170002644518,0.89445567006396,0.8329611894606067,0.364524438189767,0.7427089266285982,Warning
131,stabilization,28.356359799825505,86.59859267285857,90.96307766664732,51.58965686848588,none,0,0,0,0.7910910050043624,0.8324824084107322,0.8493846277774554,0.4841034313151412,0.7537696358430477,Healthy
132,stabilization,26.8261351630239,82.89391632673937,95.60634404959896,61.4685143237767,none,0,0,0,0.8293466209244025,0.7861739540842422,0.9267724008266494,0.385314856762233,0.7470736240203699,Warning
133,stabilization,29.674601856562624,90.29248905855874,91.81092390461902,47.86369663298903,none,0,0,0,0.7581349535859344,0.8786561132319843,0.863515398410317,0.5213630336701096,0.768013006461461,Healthy
134,stabilization,24.9878235947616,88.12761729980618,92.02423933716716,70.0416252091287,none,0,0,0,0.8753044101309599,0.8515952162475772,0.8670706556194526,0.299583747908713,0.7514007686191942,Healthy
135,stabilization,28.44328249994997,88.59946484940919,91.17689881767733,58.229043077992685,none,0,0,0,0.7889179375012507,0.8574933106176148,0.8529483136279554,0.4177095692200732,0.7480549510052653,Warning
136,stabilization,26.56451483510469,89.06821748537037,90.3990893841501,52.0347225360504,none,0,0,0,0.8358871291223828,0.8633527185671296,0.8399848230691683,0.47965277463949596,0.7736994738485867,Healthy
137,stabilization,24.29427960500454,86.84772303966587,88.4435125612778,42.883288669900544,none,0,0,0,0.8926430098748865,0.8355965379958233,0.8073918760212967,0.5711671133009946,0.7941836622256713,Healthy
138,stabilization,24.7417543529619,85.93709031168397,89.72743655142999,45.67318084828469,none,0,0,0,0.8814561411759525,0.8242136288960497,0.8287906091904998,0.5432681915171531,0.7861126911631313,Healthy
139,stabilization,26.905642356657378,90.49147388610338,91.21866424003652,40.42185849405498,none,0,0,0,0.8273589410835656,0.8811434235762923,0.8536444040006086,0.5957814150594503,0.8024358732099691,Healthy
140,stabilization,26.62880008020433,88.37481069749764,88.64064937102857,47.25717534163711,none,0,0,0,0.8342799979948918,0.8546851337187205,0.8106774895171429,0.5274282465836289,0.774310686734238,Healthy
141,stabilization,27.33664103704231,89.59677724267651,91.17016709681982,43.28148012688708,none,0,0,0,0.8165839740739422,0.8699597155334564,0.8528361182803305,0.5671851987311292,0.7899673702845116,Healthy
142,stabilization,27.611103773965805,88.78526091534938,86.64502058781459,48.356093932924,none,0,0,0,0.8097224056508548,0.8598157614418673,0.7774170097969098,0.5164390606707601,0.7596326642213506,Healthy
143,stabilization,29.91652556635863,92.07738529889066,95.00697167888532,41.6872885188105,none,0,0,0,0.7520868608410343,0.9009673162361332,0.9167828613147554,0.583127114811895,0.7958982483484803,Healthy
144,stabilization,28.334581523104564,85.57107038043755,88.5353207222575,58.07336891833351,none,0,0,0,0.7916354619223859,0.8196383797554694,0.8089220120376249,0.4192663108166649,0.7290198170742146,Warning
145,stabilization,30.55707676148252,89.36099538348704,90.3377352902733,41.47586665887831,none,0,0,0,0.736073080962937,0.867012442293588,0.8389622548378883,0.585241333411217,0.7657663746267787,Healthy
146,stabilization,24.619812424766582,85.59585201111837,90.2584782816488,52.83825223150416,none,0,0,0,0.8845046893808355,0.8199481501389796,0.8376413046941468,0.47161747768495843,0.7731876083317656,Healthy
147,stabilization,25.40995689632505,87.89292202783342,90.24734377934782,62.51200914911537,none,0,0,0,0.8647510775918738,0.8486615253479177,0.837455729655797,0.37487990850884634,0.7564909085148661,Healthy
148,stabilization,28.35805810085931,90.18628070504448,90.2168484164013,46.39913415751111,none,0,0,0,0.7910485474785173,0.877328508813056,0.8369474736066884,0.5360086584248889,0.7751043432937874,Healthy
149,stabilization,26.73364596399208,90.76611585089869,89.5125354538205,40.82102346016664,none,0,0,0,0.8316588509001981,0.8845764481362336,0.8252089242303418,0.5917897653983335,0.7982703276366645,Healthy
150,stabilization,24.60151384994248,87.5135092645784,90.1175212892048,56.2468588940756,none,0,0,0,0.8849621537514379,0.8439188658072301,0.8352920214867467,0.437531411059244,0.7732289923767985,Healthy
151,stabilization,26.11288554245306,86.83365451113184,92.51827471746384,43.77518507835408,none,0,0,0,0.8471778614386735,0.835420681389148,0.8753045786243974,0.5622481492164593,0.7922901084165178,Healthy
152,stabilization,27.860551778792367,91.02203799126892,89.32007943102165,48.8000875730997,none,0,0,0,0.8034862055301908,0.8877754748908615,0.8220013238503608,0.511999124269003,0.7741785937501885,Healthy
153,stabilization,26.04075005794204,91.87376253014726,89.90525060146668,58.60226690554741,none,0,0,0,0.848981248551449,0.8984220316268408,0.8317541766911113,0.41397733094452593,0.7733672855806144,Healthy
154,stabilization,26.24874528925476,93.23648275898351,91.37556167719846,42.83965201066543,none,0,0,0,0.843781367768631,0.915456034487294,0.856259361286641,0.5716034798933457,0.8133437889127748,Healthy
155,stabilization,27.21348141323813,85.29453422729087,91.48814858882346,54.54219997881391,none,0,0,0,0.8196629646690468,0.8161816778411358,0.8581358098137244,0.4545780002118609,0.7532961547581718,Healthy
156,stabilization,27.51413184121532,87.8522916163241,89.56530383283207,62.7508433600126,none,0,0,0,0.812146703969617,0.8481536452040512,0.8260883972138678,0.372491566399874,0.7378060974748488,Warning
157,stabilization,29.523215987178745,90.93965829549076,92.6567966194861,46.94097424343756,none,0,0,0,0.7619196003205314,0.8867457286936344,0.877613276991435,0.5305902575656244,0.7762403056156617,Healthy
158,stabilization,29.67522577489165,95.3568350303422,93.58369570989404,50.03142174335245,none,0,0,0,0.7581193556277087,0.9419604378792774,0.8930615951649007,0.49968578256647544,0.7885734135983711,Healthy
159,stabilization,28.957764623721403,88.00173403255091,91.98711087565712,43.4983306774684,none,0,0,0,0.7760558844069649,0.8500216754068864,0.8664518479276188,0.565016693225316,0.7741169761747424,Healthy
160,stabilization,29.09882252510104,84.95596007494332,91.15677331169532,48.871348042863225,none,0,0,0,0.772529436872474,0.8119495009367915,0.8526128885282553,0.5112865195713677,0.7481235629627042,Warning
161,stabilization,25.16896725683273,82.68203325776494,92.2151536988374,41.11221204596532,none,0,0,0,0.8707758185791817,0.7835254157220618,0.8702525616472899,0.5888778795403468,0.7881164585279004,Healthy
162,stabilization,24.87127566414074,83.83043744059675,89.63857417850183,63.1954154737078,none,0,0,0,0.8782181083964815,0.7978804680074594,0.8273095696416971,0.36804584526292206,0.7419006559021061,Warning
163,stabilization,25.55040324717965,89.51586081419322,86.71080435170238,55.31431906471354,none,0,0,0,0.8612399188205088,0.8689482601774152,0.7785134058617064,0.44685680935286465,0.7641304967422914,Healthy
164,stabilization,27.671198786105,91.86347266247496,89.95301734461117,56.05305145664571,none,0,0,0,0.808220030347375,0.8982934082809371,0.8325502890768528,0.4394694854335429,0.7663579864905727,Healthy
165,stabilization,29.11676347131261,86.6057153894012,90.16007851820451,54.931383810582616,none,0,0,0,0.7720809132171847,0.832571442367515,0.8360013086367419,0.4506861618941739,0.738733200781593,Warning
166,stabilization,27.92954054055187,91.29216331146624,88.02824689883333,56.74843980756964,none,0,0,0,0.8017614864862033,0.891152041393328,0.8004707816472222,0.4325156019243036,0.7544713350781647,Healthy
167,stabilization,25.9533748426276,90.64453460239248,90.3215981492583,56.4581368063177,none,0,0,0,0.85116562893431,0.883056682529906,0.8386933024876384,0.43541863193682306,0.7750890803241571,Healthy
168,stabilization,23.1049288912546,87.75005070363714,90.84697069193037,46.84104086896816,none,0,0,0,0.922376777718635,0.8468756337954643,0.8474495115321727,0.5315895913103184,0.806583544022728,Healthy
169,stabilization,25.15559874987416,87.51409461242193,87.2589272981039,58.28280136520074,none,0,0,0,0.871110031253146,0.8439261826552741,0.7876487883017317,0.4171719863479926,0.755475019102471,Healthy
170,stabilization,26.8710131975614,84.74189473724378,88.78839731228581,39.333133488534415,none,0,0,0,0.828224670060965,0.8092736842155472,0.8131399552047635,0.6066686651146558,0.7752112303468375,Healthy
171,stabilization,24.42489441332155,89.19043271074128,87.42757549706337,60.86485726729393,none,0,0,0,0.8893776396669613,0.864880408884266,0.7904595916177228,0.39135142732706074,0.7626396183543248,Healthy
172,stabilization,26.336431838062783,90.50424270534764,86.73467251269243,40.203647515272536,none,0,0,0,0.8415892040484304,0.8813030338168455,0.7789112085448738,0.5979635248472747,0.7922426180380125,Healthy
173,stabilization,27.61332318346108,84.23786853237446,91.88880249858416,39.35712386282498,none,0,0,0,0.809666920413473,0.8029733566546808,0.8648133749764025,0.6064287613717503,0.7780405103900767,Healthy
174,stabilization,26.37071942706342,89.06806500165966,91.4447565117302,53.89108031576539,none,0,0,0,0.8407320143234145,0.8633508125207457,0.8574126085288367,0.46108919684234606,0.7749252091274845,Healthy
175,stabilization,28.62011497274348,87.07701372657621,91.20129614299618,56.31921951218721,none,0,0,0,0.784497125681413,0.8384626715822027,0.853354935716603,0.43680780487812787,0.7449204872980308,Warning
176,stabilization,27.75305743843808,88.65359777804682,89.50876703085613,46.42991252323634,none,0,0,0,0.8061735640390479,0.8581699722255852,0.8251461171809356,0.5357008747676366,0.7714724592691043,Healthy
177,stabilization,28.02759118602782,92.06914623334904,90.21673634667414,53.44782394269879,none,0,0,0,0.7993102203493045,0.9008643279168631,0.8369456057779023,0.4655217605730121,0.7705458377500332,Healthy
178,stabilization,26.054167424955228,90.01453341022092,91.4903926889701,46.29138137592691,none,0,0,0,0.8486458143761193,0.8751816676277615,0.8581732114828351,0.5370861862407309,0.7962001241458774,Healthy
179,stabilization,25.41461480816437,87.35713222489709,88.84068100936787,62.45701041759267,none,0,0,0,0.8646346297958908,0.8419641528112136,0.8140113501561311,0.37542989582407327,0.7498678839781722,Warning
180,stabilization,25.29118378238528,91.19613931002408,88.85967521870002,37.5016494274881,none,0,0,0,0.867720405440368,0.889951741375301,0.814327920311667,0.624983505725119,0.8151639292520579,Healthy
181,stabilization,28.07199703329505,92.28737102075355,89.60216293167814,44.2866321278946,none,0,0,0,0.7982000741676237,0.9035921377594194,0.8267027155279689,0.557133678721054,0.7873049424279175,Healthy
182,stabilization,26.912868219119048,86.3863039800167,87.57881580193775,42.21275375246461,none,0,0,0,0.8271782945220238,0.8298287997502088,0.7929802633656292,0.577872462475354,0.7712726734498664,Healthy
183,stabilization,29.302983728094336,90.13878667646928,89.0048361192227,29.969783596557296,none,0,0,0,0.7674254067976416,0.876734833455866,0.8167472686537117,0.700302164034427,0.79665795861368,Healthy
184,stabilization,31.1360417467998,84.49893586291863,91.3358164306587,53.400063526479286,none,0,0,0,0.7215989563300049,0.8062366982864828,0.8555969405109782,0.4659993647352071,0.7226699574341834,Warning
185,stabilization,24.72888105325108,92.99422356730972,90.23951552853858,58.29283096076963,none,0,0,0,0.881777973668723,0.9124277945913715,0.8373252588089762,0.41707169039230374,0.7891411203182844,Healthy
186,stabilization,27.152169410963577,82.14845795868669,88.32453820327731,55.17324470645602,none,0,0,0,0.8211957647259106,0.7768557244835836,0.8054089700546219,0.44826755293543985,0.7301507513608605,Warning
187,stabilization,26.63480121869111,82.92947730904022,90.89053808133906,48.17198844194088,none,0,0,0,0.8341299695327222,0.7866184663630028,0.8481756346889843,0.5182801155805912,0.7595156808226325,Healthy
188,stabilization,27.57329936806181,89.5125298964835,90.00010631160015,60.3470380623896,none,0,0,0,0.8106675157984548,0.8689066237060438,0.8333351051933359,0.396529619376104,0.7498451867652375,Warning
189,stabilization,23.36500914969381,88.50028963899776,91.88411545254333,46.76620547901719,none,0,0,0,0.9158747712576547,0.856253620487472,0.8647352575423888,0.5323379452098281,0.8110531580739814,Healthy
190,stabilization,25.134386605528206,85.0466515476608,90.7756194383961,51.0053778103042,none,0,0,0,0.8716403348617948,0.81308314434576,0.8462603239732684,0.4899462218969579,0.7726583529363118,Healthy
191,stabilization,30.50778768044572,88.07826735354372,88.39345467770636,45.963146948259,none,0,0,0,0.737305307988857,0.8509783419192966,0.8065575779617726,0.54036853051741,0.7458703166682826,Warning
192,stabilization,26.92146664231824,87.54979821660288,91.22767711134118,40.2699402591392,none,0,0,0,0.826963333942044,0.844372477707536,0.8537946185223529,0.5973005974086081,0.7916197866810663,Healthy
193,stabilization,26.1714452558946,86.77452298413726,91.416812991244,50.68061388350583,none,0,0,0,0.845713868602635,0.8346815373017158,0.8569468831874,0.4931938611649417,0.7741467706417735,Healthy
194,stabilization,26.908620746500013,83.86357782500532,90.0480398499841,63.03276259625248,none,0,0,0,0.8272844813374997,0.7982947228125665,0.8341339974997349,0.3696723740374752,0.7284350355524618,Warning
195,stabilization,27.762632708501883,87.96358899083778,87.45365444529007,62.15780747639143,none,0,0,0,0.805934182287453,0.8495448623854722,0.7908942407548345,0.37842192523608564,0.7305069466000615,Warning
196,stabilization,25.482751594958422,93.3308951184024,88.914598313549,45.97158830742341,none,0,0,0,0.8629312101260395,0.91663618898003,0.8152433052258168,0.540284116925766,0.8049757041621374,Healthy
197,stabilization,27.606435960962045,87.01874470674164,90.79685866595716,62.70858116546859,none,0,0,0,0.8098391009759489,0.8377343088342706,0.846614311099286,0.3729141883453141,0.7381777228319858,Warning
198,stabilization,27.609830588541865,88.9036812917551,87.60234014288274,49.93453881087753,none,0,0,0,0.8097542352864534,0.8612960161469388,0.7933723357147123,0.5006546118912247,0.7601204649512052,Healthy
199,stabilization,26.77508808808893,90.1439923354874,88.56706065106547,54.94374956604537,none,0,0,0,0.8306227977977768,0.8767999041935924,0.8094510108510913,0.45056250433954625,0.7642295136355383,Healthy
200,normal,25.326668640016727,87.31908381727575,92.97434117550377,38.075104078100175,none,0,0,0,0.8668332839995818,0.8414885477159469,0.8829056862583962,0.6192489592189983,0.8129274786101375,Healthy
201,normal,24.41768200593216,89.78346209743881,93.3362551647101,32.52416690972173,none,0,0,0,0.889557949851696,0.8722932762179851,0.8889375860785016,0.6747583309027827,0.8412945512171611,Healthy
202,normal,28.63315457923096,85.02128228260895,94.08625339419326,46.62057639746775,none,0,0,0,0.784171135519226,0.8127660285326119,0.9014375565698878,0.5337942360253225,0.7661275077345935,Healthy
203,normal,25.235588030132703,86.85388039130288,93.8809444591258,48.17028875057598,none,0,0,0,0.8691102992466824,0.835673504891286,0.89801574098543,0.5182971124942402,0.7946977119373245,Healthy
204,normal,26.49996446469724,85.29220846551729,88.21914901080787,48.56034035824101,none,0,0,0,0.837500888382569,0.8161526058189661,0.8036524835134645,0.51439659641759,0.7597058642466714,Healthy
205,normal,24.881908040205293,83.99833625662029,95.52648772279952,39.3418249457401,none,0,0,0,0.8779522989948677,0.7999792032077536,0.9254414620466586,0.606581750542599,0.8097840931786379,Healthy
206,normal,27.561061976409743,89.71473882980203,93.9880649529228,40.7934072279906,none,0,0,0,0.8109734505897565,0.8714342353725254,0.8998010825487133,0.592065927720094,0.803095707842446,Healthy
207,normal,24.138193854215988,83.79732747949939,90.17308910624342,38.87787617730411,none,0,0,0,0.8965451536446003,0.7974665934937424,0.8362181517707238,0.6112212382269588,0.7976914021410394,Healthy
208,normal,26.212544124780607,84.49369084650482,92.68904812046117,39.386959914824224,none,0,0,0,0.8446863968804849,0.8061711355813103,0.8781508020076861,0.6061304008517577,0.7921135003104273,Healthy
209,normal,25.33806438173612,82.43359839520136,92.10402928571264,37.34323615286486,none,0,0,0,0.8665483904565969,0.780419979940017,0.8684004880952106,0.6265676384713514,0.7930841364322966,Healthy
210,normal,20.457605412585668,84.61509389812743,88.64660432065422,40.81141488098231,none,0,0,0,0.9885598646853583,0.8076886737265928,0.8107767386775703,0.5918858511901769,0.8194070794971348,Healthy
211,normal,23.455739568908964,81.68735914360892,90.61262983430228,37.57279653919771,none,0,0,0,0.913606510777276,0.7710919892951115,0.8435438305717047,0.6242720346080228,0.7989727230576616,Healthy
212,normal,25.939105867760283,88.1379926954679,88.64896218701773,39.5230257303156,none,0,0,0,0.8515223533059929,0.8517249086933487,0.8108160364502955,0.6047697426968439,0.7940913344292305,Healthy
213,normal,29.23777280237543,87.69151083289404,89.04775219176295,24.99088080832801,none,0,0,0,0.7690556799406142,0.8461438854111755,0.8174625365293825,0.7500911919167199,0.7980706152947574,Healthy
214,normal,25.50220396874882,84.93327452222219,89.36021078499816,38.28017569664087,none,0,0,0,0.8624449007812796,0.8116659315277774,0.8226701797499694,0.6171982430335914,0.7902069342494292,Healthy
215,normal,27.78918430282545,86.5276060829965,94.83456066157268,41.93493423304859,none,0,0,0,0.8052703924293637,0.8315950760374562,0.9139093443595446,0.5806506576695141,0.7899716409458577,Healthy
216,normal,27.36251963121533,83.92006555673206,90.60383646790864,35.15900595206915,none,0,0,0,0.8159370092196168,0.7990008194591507,0.8433972744651439,0.6484099404793084,0.7828427915925208,Healthy
217,normal,24.09493622938904,83.94799750324118,92.2203728340766,36.39071616950455,none,0,0,0,0.8976265942652739,0.7993499687905148,0.8703395472346099,0.6360928383049544,0.8103794460246495,Healthy
218,normal,23.78075770349519,89.71054751561772,91.33394832535367,27.82343958663906,none,0,0,0,0.9054810574126202,0.8713818439452214,0.8555658054225612,0.7217656041336094,0.8485251523185866,Healthy
219,normal,24.72023510517874,86.22822485720128,92.4819202343558,43.9708693644385,none,0,0,0,0.8819941223705314,0.827852810715016,0.8746986705725966,0.560291306355615,0.7999520753113065,Healthy
220,normal,28.65187966618865,87.74412178502553,88.74128666201293,37.93222022587805,none,0,0,0,0.7837030083452838,0.8468015223128191,0.8123547777002155,0.6206777977412195,0.7757578742857179,Healthy
221,normal,27.883523887898257,88.77834737742866,91.70706079065629,35.41867580335772,none,0,0,0,0.8029119028025435,0.8597293422178582,0.861784346510938,0.6458132419664228,0.8003118912015927,Healthy
222,normal,22.8876672826256,88.42246328430285,88.78892387020835,40.56870725643213,none,0,0,0,0.92780831793436,0.8552807910537856,0.8131487311701392,0.5943129274356787,0.8164190644176073,Healthy
223,normal,21.231523412143385,87.78588486187593,91.38922890568898,40.87853634223157,none,0,0,0,0.9692119146964153,0.8473235607734491,0.8564871484281497,0.5912146365776842,0.8345009996421261,Healthy
224,normal,22.38992414236104,80.97901058785737,91.21018102114292,40.03945138454198,none,0,0,0,0.9402518964409741,0.7622376323482172,0.8535030170190486,0.5996054861545803,0.8013685592714832,Healthy
225,normal,26.93345678617472,82.45950100173175,95.19188837714844,38.27020022349216,none,0,0,0,0.826663580345632,0.7807437625216469,0.9198648062858074,0.6172979977650783,0.7896547636703608,Healthy
226,normal,22.10702826621028,83.58239973238182,94.65764284480878,41.02254804999775,none,0,0,0,0.947324293344743,0.7947799966547727,0.9109607140801462,0.5897745195000225,0.8227783337158884,Healthy
227,normal,20.10286395706366,85.97733518307373,93.63666838067022,30.64961822540668,none,0,0,0,0.9974284010734085,0.8247166897884217,0.8939444730111703,0.6935038177459332,0.8641331854099696,Healthy
228,normal,22.906553681457385,82.50484531762739,89.93638060543059,34.50661120329264,none,0,0,0,0.9273361579635654,0.7813105664703424,0.8322730100905098,0.6549338879670736,0.810035396941689,Healthy
229,normal,23.00564658621248,86.96734367395632,92.04047224052452,43.75546164430055,none,0,0,0,0.9248588353446879,0.837091795924454,0.867341204008742,0.5624453835569945,0.8145425068938899,Healthy
230,normal,25.17572973989504,88.265294888476,90.44031254860047,34.898224322641475,none,0,0,0,0.870606756502624,0.8533161861059501,0.8406718758100079,0.6510177567735853,0.8155148092992909,Healthy
231,normal,22.49700313559363,86.24892442850293,91.34683660334149,35.66938397997705,none,0,0,0,0.9375749216101592,0.8281115553562867,0.8557806100556914,0.6433061602002295,0.8295232971411179,Healthy
232,normal,25.395427251768066,89.52049525480217,91.8601528086761,31.736767805221845,none,0,0,0,0.8651143187057984,0.8690061906850272,0.8643358801446017,0.6826323219477816,0.8296297932357243,Healthy
233,normal,24.41842055622495,85.76090350276989,90.39930207681353,44.582167500833606,none,0,0,0,0.8895394860943762,0.8220112937846237,0.8399883679468921,0.5541783249916639,0.7922985725514111,Healthy
234,normal,20.83643711322908,84.25563659254185,87.65500319644211,42.35518406899592,none,0,0,0,0.979089072169273,0.8031954574067731,0.7942500532740352,0.5764481593100408,0.808825001389629,Healthy
235,normal,28.30000788103465,82.96448757173886,92.6002128578402,31.989053344217783,none,0,0,0,0.7924998029741338,0.7870560946467358,0.8766702142973367,0.6801094665578222,0.7852227054572927,Healthy
236,normal,25.14847418563496,90.05721125981816,94.36728961311658,42.91376636123782,none,0,0,0,0.871288145359126,0.875715140747727,0.906121493551943,0.5708623363876217,0.8194977518199689,Healthy
237,normal,26.71389873586147,83.65441052142764,92.81838429123007,45.228396139474256,none,0,0,0,0.8321525316034633,0.7956801315178454,0.8803064048538346,0.5477160386052574,0.7739542876282111,Healthy
238,normal,25.618318733088184,86.04350530450772,88.92986289862665,32.11191996430806,none,0,0,0,0.8595420316727954,0.8255438163063464,0.8154977149771109,0.6788808003569194,0.8044014574605486,Healthy
239,normal,22.51435295926748,84.78534070855825,90.54196820772805,42.052470147206655,none,0,0,0,0.937141176018313,0.8098167588569781,0.8423661367954675,0.5794752985279334,0.8084556675272675,Healthy
240,normal,25.950904325460584,83.40751905114918,94.62603726899944,39.66362054387838,none,0,0,0,0.8512273918634854,0.7925939881393648,0.910433954483324,0.6033637945612162,0.7959059638097631,Healthy
241,normal,22.531309082883432,88.45115658826731,92.85957569186635,42.695267818781424,none,0,0,0,0.9367172729279142,0.8556394573533413,0.8809929281977725,0.5730473218121858,0.8285150690863683,Healthy
242,normal,27.22174838316508,77.26218815102621,91.62246901131648,40.84144636835807,none,0,0,0,0.819456290420873,0.7157773518878277,0.8603744835219413,0.5915855363164193,0.7509620966602824,Healthy
243,normal,23.455847776962035,81.19918313919763,94.76270333694367,31.502478737422365,none,0,0,0,0.9136038055759491,0.7649897892399704,0.9127117222823945,0.6849752126257764,0.82311546542641,Healthy
244,normal,22.74629416985257,82.04129535528953,89.7688816705685,40.1907469687032,none,0,0,0,0.9313426457536857,0.7755161919411192,0.8294813611761417,0.598092530312968,0.7975724296062634,Healthy
245,normal,28.406394598322585,82.70855547895864,92.45338088648022,39.30187348282286,none,0,0,0,0.7898401350419354,0.7838569434869831,0.8742230147746703,0.6069812651717714,0.7683499795479639,Healthy
246,normal,23.883786972248792,81.53331602770625,89.54911251968757,40.85196282271438,none,0,0,0,0.9029053256937802,0.7691664503463281,0.8258185419947928,0.5914803717728563,0.7850813155655623,Healthy
247,normal,27.10279716612796,86.67965813494078,92.58744945059904,37.41124602634068,none,0,0,0,0.822430070846801,0.8334957266867598,0.8764574908433173,0.6258875397365933,0.7972467453760502,Healthy
248,normal,25.92629373902883,83.65096256345736,88.79675920829243,34.6452098945649,none,0,0,0,0.8518426565242793,0.7956370320432169,0.8132793201382071,0.653547901054351,0.7876093508087605,Healthy
249,normal,27.62881908432041,90.55764085321032,92.80947580248784,44.1858769586781,none,0,0,0,0.8092795228919898,0.881970510665129,0.880157930041464,0.558141230413219,0.7950348421580722,Healthy
250,normal,28.293832409618545,87.91431527246006,92.7273598455524,39.03268848699039,none,0,0,0,0.7926541897595364,0.8489289409057508,0.8787893307592066,0.6096731151300961,0.7901674283774467,Healthy
251,normal,22.63484748468189,82.99547742349466,92.92438350445914,30.59509804047684,none,0,0,0,0.9341288128829527,0.7874434677936832,0.8820730584076524,0.6940490195952316,0.8316960998035675,Healthy
252,normal,26.1171407523044,81.19908798479207,91.85089530370946,44.151700773035685,none,0,0,0,0.84707148119239,0.7649885998099009,0.8641815883951577,0.5584829922696432,0.7681509404336474,Healthy
253,normal,27.44300821764411,84.27621373744402,89.42808795301768,35.925739918334905,none,0,0,0,0.8139247945588972,0.8034526717180503,0.823801465883628,0.640742600816651,0.7781220532231401,Healthy
254,normal,24.92172649722876,84.38115910589268,90.09718005738657,41.985793917526806,none,0,0,0,0.876956837569281,0.8047644888236585,0.8349530009564428,0.580142060824732,0.7875354102741168,Healthy
255,normal,23.59057375450613,85.09466450343587,91.81939875206292,42.49127766800786,none,0,0,0,0.9102356561373467,0.8136833062929483,0.8636566458677154,0.5750872233199213,0.8049244625666159,Healthy
256,normal,26.97137723708022,88.79467738034317,91.45694065699972,41.02292884658733,none,0,0,0,0.8257155690729945,0.8599334672542897,0.857615677616662,0.5897707115341267,0.795171988728343,Healthy
257,normal,26.543546332589603,85.86208815503058,92.87019260637754,33.08543178062128,none,0,0,0,0.8364113416852599,0.8232761019378823,0.8811698767729591,0.6691456821937872,0.8079693448802919,Healthy
258,normal,27.34754932016997,83.87007522184264,91.94470556105252,43.332518451454845,none,0,0,0,0.8163112669957507,0.798375940273033,0.8657450926842086,0.5666748154854515,0.7708901438145672,Healthy
259,normal,26.888764263183,84.8898670826382,92.3525836740406,37.93932419721151,none,0,0,0,0.827780893420425,0.8111233385329776,0.87254306123401,0.6206067580278849,0.7903012334383999,Healthy
260,normal,21.033877014832303,87.16588567538196,88.46861732400566,38.38372495993062,none,0,0,0,0.9741530746291924,0.8395735709422745,0.8078102887334278,0.6161627504006939,0.8289126014982644,Healthy
261,normal,26.059752985034045,82.42325852572564,92.09254589231897,36.952088858434266,none,0,0,0,0.8485061753741489,0.7802907315715706,0.8682090982053161,0.6304791114156574,0.7883767140079105,Healthy
262,normal,24.12125441558557,83.2808391405814,92.087150759236,43.53606576494033,none,0,0,0,0.8969686396103607,0.7910104892572676,0.8681191793205999,0.5646393423505967,0.7929454429945278,Healthy
263,normal,24.654231589676915,84.30137275101961,89.22053105374137,33.39533062652629,none,0,0,0,0.8836442102580772,0.8037671593877451,0.8203421842290228,0.6660466937347371,0.8035011864864986,Healthy
264,normal,27.247450198861063,90.80285151334314,92.73332097004962,29.09599325297617,none,0,0,0,0.8188137450284734,0.8850356439167892,0.8788886828341603,0.7090400674702383,0.8287405667444585,Healthy
265,normal,27.55540826908117,82.68416219170135,91.60217937457764,40.8539483907546,none,0,0,0,0.8111147932729708,0.7835520273962668,0.8600363229096274,0.591460516092454,0.7686994140011876,Healthy
266,normal,26.82700190135425,88.18377713241095,93.35166760813476,42.56826287395808,none,0,0,0,0.8293249524661437,0.8522972141551369,0.8891944601355793,0.5743173712604192,0.7971890162655839,Healthy
267,normal,25.5246345797754,88.51259275377117,94.7709861038022,32.60233543194961,none,0,0,0,0.8618841355056149,0.8564074094221397,0.9128497683967034,0.6739766456805039,0.8328527462937679,Healthy
268,normal,22.718870426230648,87.57176644288353,91.65405086211852,42.30913173728074,none,0,0,0,0.9320282393442338,0.8446470805360441,0.8609008477019754,0.5769086826271926,0.820564502029917,Healthy
269,normal,23.29325687654668,86.21165162234686,89.21674448114821,28.409845375124327,none,0,0,0,0.9176685780863331,0.8276456452793358,0.8202790746858035,0.7159015462487568,0.8308303911966127,Healthy
270,normal,24.785643052207675,85.05544791593218,94.48460547369508,39.39797082974893,none,0,0,0,0.8803589236948082,0.8131930989491523,0.908076757894918,0.6060202917025107,0.8108850167126739,Healthy
271,normal,26.363177428174044,83.87053381083189,92.4069485153086,32.79046643752062,none,0,0,0,0.8409205642956489,0.7983816726353986,0.87344914192181,0.6720953356247938,0.800899566588635,Healthy
272,normal,24.878586958356102,88.5304387239658,95.1243766670961,36.46689795034823,none,0,0,0,0.8780353260410975,0.8566304840495725,0.9187396111182683,0.6353310204965177,0.8312138693501582,Healthy
273,normal,23.09703036404601,86.25045253968186,92.7045012151514,37.18620350459687,none,0,0,0,0.9225742408988498,0.8281306567460233,0.8784083535858566,0.6281379649540313,0.8265207330014395,Healthy
274,normal,24.338633608090312,84.44689023760294,91.48705715945007,39.11207803091904,none,0,0,0,0.8915341597977422,0.8055861279700368,0.8581176193241679,0.6088792196908097,0.8025354541333293,Healthy
275,normal,21.399766456459908,86.15359435452656,90.60863066939038,36.58278439721222,none,0,0,0,0.9650058385885023,0.826919929431582,0.843477177823173,0.6341721560278778,0.8331075971762354,Healthy
276,normal,21.75040052433681,81.52753872884855,90.80791717278368,41.51294680760776,none,0,0,0,0.9562399868915797,0.769094234110607,0.8467986195463946,0.5848705319239225,0.8039340965947195,Healthy
277,normal,25.978938244250347,85.20843516904479,92.46768199800115,42.06978344588078,none,0,0,0,0.8505265438937413,0.8151054396130599,0.8744613666333526,0.5793021655411922,0.7904423014869494,Healthy
278,normal,29.06956681032521,88.5343126148592,90.20639657186165,45.75896285950049,none,0,0,0,0.7732608297418697,0.8566789076857401,0.8367732761976941,0.542410371404995,0.7648186507488207,Healthy
279,normal,23.830885239649795,78.03737497412331,89.99754309289119,27.97297167653922,none,0,0,0,0.9042278690087551,0.7254671871765414,0.8332923848815199,0.7202702832346077,0.7996210504788144,Healthy
280,normal,22.8706906780588,87.58394402957614,95.11591967858692,48.44912661950312,none,0,0,0,0.92823273304853,0.8447993003697019,0.918598661309782,0.5155087338049689,0.8187310890484197,Healthy
281,normal,24.17676469732278,86.54473824715575,90.7416822413364,43.10386628973,none,0,0,0,0.8955808825669305,0.8318092280894469,0.8456947040222734,0.5689613371027,0.8011482414219079,Healthy
282,normal,22.54796313214348,90.78063421733984,92.22584493469613,48.9523307096674,none,0,0,0,0.936300921696413,0.884757927716748,0.8704307489116021,0.510476692903326,0.822499143186934,Healthy
283,normal,24.499207839515137,81.47405721706588,96.08305191729318,36.02178340730482,none,0,0,0,0.8875198040121216,0.7684257152133235,0.9347175319548863,0.6397821659269518,0.8116835953440011,Healthy
284,normal,25.86288884139396,82.33983669573115,92.51878342953296,34.6289634123347,none,0,0,0,0.853427778965151,0.7792479586966394,0.8753130571588826,0.653710365876653,0.7956074059056443,Healthy
285,normal,23.51668308218253,79.32564044250549,90.88588006903367,37.47158059905544,none,0,0,0,0.9120829229454367,0.7415705055313186,0.8480980011505612,0.6252841940094456,0.790772467575028,Healthy
286,normal,24.76761805270384,76.66031712456405,88.30220627055748,36.44640284690541,none,0,0,0,0.880809548682404,0.7082539640570505,0.805036771175958,0.6355359715309459,0.7648336023632172,Healthy
287,normal,25.742042754362704,88.62187800164324,90.0814114797062,33.710398185841136,none,0,0,0,0.8564489311409325,0.8577734750205405,0.8346901913284367,0.6628960181415886,0.8137839637424469,Healthy
288,normal,25.93023156731622,84.71500890813816,92.12968553662836,43.99820079788181,none,0,0,0,0.8517442108170945,0.808937611351727,0.8688280922771393,0.5600179920211819,0.7839737635103107,Healthy
289,normal,21.032009417340724,90.96087097249227,92.78340595493236,41.95701700893365,none,0,0,0,0.9741997645664819,0.8870108871561534,0.8797234325822061,0.5804298299106636,0.8503938480153644,Healthy
290,normal,25.57467927905552,79.27769992847803,94.73684192839949,47.392768556999656,none,0,0,0,0.860633018023612,0.7409712491059753,0.9122806988066581,0.5260723144300035,0.7681518827862085,Healthy
291,normal,23.544865674107445,81.83156625344006,94.51614952328248,37.23970242823911,none,0,0,0,0.9113783581473138,0.7728945781680008,0.908602492054708,0.6276029757176089,0.8125229744490577,Healthy
292,normal,24.67127985198952,91.27256051718764,92.73791711134912,51.58778295574034,none,0,0,0,0.8832180037002619,0.8909070064648456,0.878965285189152,0.48412217044259664,0.804854994175882,Healthy
293,normal,25.11231945114007,86.77183331416406,93.69204685483034,38.47785353279546,none,0,0,0,0.8721920137214982,0.8346479164270507,0.8948674475805056,0.6152214646720454,0.8140697614950749,Healthy
294,normal,24.423540154086133,82.71247066129368,92.90668646617758,43.57165733044708,none,0,0,0,0.8894114961478466,0.7839058832661709,0.8817781077696263,0.5642834266955292,0.7912075207172363,Healthy
295,normal,25.266933392098903,83.65064329956715,90.18639178182654,35.58630678872465,none,0,0,0,0.8683266651975274,0.7956330412445893,0.8364398630304424,0.6441369321127535,0.7953032709612742,Healthy
296,normal,25.212589774452194,85.91863714694848,88.545766604347,42.23350629409671,none,0,0,0,0.8696852556386951,0.823982964336856,0.8090961100724499,0.5776649370590329,0.7854526754189619,Healthy
297,normal,21.853902901426217,84.70463859194494,96.38532440456368,34.93031471822951,none,0,0,0,0.9536524274643445,0.8088079823993117,0.939755406742728,0.6506968528177048,0.8468285748711835,Healthy
298,normal,22.99433969944624,85.55968924457406,89.15588317027861,27.2340550720188,none,0,0,0,0.925141507513844,0.8194961155571757,0.8192647195046435,0.727659449279812,0.8327761206781971,Healthy
299,normal,22.74085669988144,84.87491831205925,92.1839664138571,34.982317330542344,none,0,0,0,0.931478582502964,0.8109364789007406,0.8697327735642851,0.6501768266945765,0.8267064384728837,Healthy
300,normal,22.1984050137135,84.7380308068128,92.25305592071714,41.657756333521405,none,0,0,0,0.9450398746571624,0.8092253850851601,0.8708842653452857,0.583422436664786,0.8171409183247111,Healthy
301,normal,25.540795539174923,90.41073693338326,92.11211619614431,43.47460006010924,none,0,0,0,0.861480111520627,0.8801342116672908,0.8685352699357386,0.5652539993989076,0.8092421508233045,Healthy
302,normal,23.72902784079106,89.29888916374969,88.18233730285077,40.292966769614765,none,0,0,0,0.9067743039802235,0.8662361145468711,0.8030389550475128,0.5970703323038524,0.8119249830284013,Healthy
303,normal,25.21517284216769,82.99860968881278,92.26353378562264,34.90941631718748,none,0,0,0,0.8696206789458077,0.7874826211101598,0.871058896427044,0.6509058368281252,0.8015239366678241,Healthy
304,normal,22.00910720518476,84.89503649336184,90.71298303961838,35.635219384877736,none,0,0,0,0.949772319870381,0.811187956167023,0.8452163839936396,0.6436478061512226,0.8260609208401937,Healthy
305,normal,23.26688325733179,83.83834129488892,88.56751009514643,41.32029883665023,none,0,0,0,0.9183279185667053,0.7979792661861115,0.8094585015857738,0.5867970116334977,0.7941432580696992,Healthy
306,normal,24.918523126921954,89.55502379239836,89.5486806483601,31.358947856076107,none,0,0,0,0.8770369218269511,0.8694377974049795,0.8258113441393351,0.6864105214392389,0.8263867888852939,Healthy
307,normal,22.49961749366452,87.09965679849098,93.49915360333569,41.49095918539182,none,0,0,0,0.937509562658387,0.8387457099811373,0.8916525600555948,0.5850904081460817,0.8282251754321925,Healthy
308,normal,23.03345844671788,84.18125075473759,93.90146974247868,51.32964504747335,none,0,0,0,0.924163538832053,0.8022656344342198,0.8983578290413113,0.4867035495252665,0.7949410276931974,Healthy
309,normal,26.409651262018475,88.96825321105678,93.07018620124336,39.18373706409871,none,0,0,0,0.8397587184495381,0.8621031651382097,0.884503103354056,0.608162629359013,0.8090917116189382,Healthy
310,normal,27.62624937747388,83.13366084746909,93.75041140467955,40.3088721541416,none,0,0,0,0.809343765563153,0.7891707605933636,0.8958401900779925,0.5969112784585839,0.7781046515542703,Healthy
311,normal,25.919477654247068,84.63918572396362,92.40383260486604,48.50596701519247,none,0,0,0,0.8520130586438233,0.8079898215495452,0.8733972100811006,0.5149403298480753,0.7756683720438458,Healthy
312,normal,27.241864129013333,88.23939710237319,89.9078423946754,43.36778639696821,none,0,0,0,0.8189533967746667,0.8529924637796649,0.83179737324459,0.5663221360303179,0.781207660021281,Healthy
313,normal,27.8473312414554,87.30081171921242,93.24973495132824,39.96803347033864,none,0,0,0,0.803816718963615,0.8412601464901552,0.8874955825221372,0.6003196652966136,0.7910861091998812,Healthy
314,normal,22.97411755179729,86.04319051701958,92.16979225105972,35.16982307313192,none,0,0,0,0.9256470612050678,0.8255398814627448,0.869496537517662,0.6483017692686808,0.8289157441576124,Healthy
315,normal,23.51744558507356,83.11718656190277,89.79834970586114,51.16669106958804,none,0,0,0,0.912063860373161,0.7889648320237846,0.8299724950976857,0.48833308930411956,0.7739697245994448,Healthy
316,normal,24.38398651935457,82.73836852084841,93.10807156874564,26.12651970777245,none,0,0,0,0.8904003370161357,0.7842296065106051,0.8851345261457607,0.7387348029222756,0.8271628488716295,Healthy
317,normal,28.47086638196599,80.40422628589052,91.40807162503062,30.355249687097302,none,0,0,0,0.7882283404508502,0.7550528285736314,0.8568011937505102,0.6964475031290269,0.7736340900832519,Healthy
318,normal,21.94391758597877,88.92646485756711,91.51008522239292,36.75933425378047,none,0,0,0,0.9514020603505308,0.8615808107195889,0.8585014203732153,0.6324066574621953,0.8420764768881182,Healthy
319,normal,22.53113391832836,80.48133636948563,92.4162958261578,42.483451877810126,none,0,0,0,0.9367216520417909,0.7560167046185704,0.8736049304359634,0.5751654812218987,0.7975755893296808,Healthy
320,normal,24.06385891767084,83.37801158465594,91.34946398188283,38.70563686520956,none,0,0,0,0.898403527058229,0.7922251448081992,0.8558243996980472,0.6129436313479044,0.8009422077691188,Healthy
321,normal,25.43496688410136,83.37037810724064,89.94509670114721,41.50505332256439,none,0,0,0,0.864125827897466,0.792129726340508,0.8324182783524534,0.584949466774356,0.7803502152967541,Healthy
322,normal,22.98368261655142,90.5926024624494,95.11799135005973,53.66758004398563,none,0,0,0,0.9254079345862145,0.8824075307806176,0.9186331891676621,0.4633241995601437,0.8187361173556108,Healthy
323,normal,25.1797354585766,87.66923733128957,92.22992078066837,39.86863186432235,none,0,0,0,0.870506613535585,0.8458654666411196,0.8704986796778061,0.6013136813567765,0.809274096259928,Healthy
324,normal,25.86382929554002,83.5416584041336,94.94891754605965,42.11800511232709,none,0,0,0,0.8534042676114995,0.79427073005167,0.9158152924343275,0.5788199488767292,0.7932295475611623,Healthy
325,normal,24.92033019610845,85.91035646748291,91.32220500658326,40.19979477334014,none,0,0,0,0.8769917450972888,0.8238794558435364,0.8553700834430543,0.5980020522665986,0.8009357874241781,Healthy
326,normal,21.57352899915488,83.46125122296,90.29361001452445,38.91621746384091,none,0,0,0,0.9606617750211279,0.793265640287,0.8382268335754074,0.6108378253615909,0.815991156379838,Healthy
327,normal,26.645081499575497,82.84642970870289,92.41909412874584,42.38992847597908,none,0,0,0,0.8338729625106126,0.7855803713587861,0.8736515688124307,0.5761007152402091,0.7757864569713476,Healthy
328,normal,26.292289984975127,82.8634897420166,89.5853541329212,42.77713355686781,none,0,0,0,0.8426927503756219,0.7857936217752075,0.8264225688820199,0.5722286644313219,0.7682761583079172,Healthy
329,normal,25.48826637596768,82.49223048774742,89.95689656654937,46.23506247418662,none,0,0,0,0.862793340600808,0.7811528810968428,0.8326149427758229,0.5376493752581337,0.7672367301160865,Healthy
330,normal,29.309540992487754,87.8731632868895,89.75406558669137,37.08085762822272,none,0,0,0,0.7672614751878062,0.8484145410861187,0.8292344264448561,0.6291914237177728,0.7763879749147033,Healthy
331,normal,21.801756772386074,86.74542726874081,90.61551367490024,28.64378354051632,none,0,0,0,0.9549560806903481,0.8343178408592602,0.8435918945816707,0.7135621645948368,0.848212988300184,Healthy
332,normal,26.51526565731187,85.287247294694,90.53038581133988,48.3047844114284,none,0,0,0,0.8371183585672033,0.816090591183675,0.8421730968556648,0.516952155885716,0.7677877354735396,Healthy
333,normal,24.366578308683213,86.62681690368976,90.9475154083009,30.16833949114998,none,0,0,0,0.8908355422829197,0.8328352112961219,0.849125256805015,0.6983166050885001,0.8265895984524155,Healthy
334,normal,26.04374396033853,87.6392658039829,91.06239926798564,44.5375279881795,none,0,0,0,0.8489064009915367,0.8454908225497861,0.8510399877997606,0.5546247201182051,0.78945210864599,Healthy
335,normal,24.59876683745328,89.35165508196138,93.50071088589245,53.868823900511,none,0,0,0,0.885030829063668,0.8668956885245173,0.8916785147648741,0.46131176099489,0.7961760104284085,Healthy
336,normal,26.2608227701482,87.1277995519043,90.95985571875288,37.10767351013793,none,0,0,0,0.8434794307462951,0.8390974943988038,0.8493309286458813,0.6289232648986207,0.80042391625243,Healthy
337,normal,29.35569066044456,86.44904506202099,90.70722419035351,43.15734461948439,none,0,0,0,0.7661077334888861,0.8306130632752623,0.8451204031725585,0.568426553805156,0.7617256304247875,Healthy
338,normal,28.796434729967764,79.26237042393224,91.62917867737892,33.30508598560341,none,0,0,0,0.7800891317508059,0.740779630299153,0.8604863112896486,0.6669491401439659,0.7617477189017106,Healthy
339,normal,25.6622991744802,78.09645592073265,92.3791919385816,45.96979921809835,none,0,0,0,0.858442520637995,0.7262056990091581,0.8729865323096934,0.5403020078190165,0.758052173919888,Healthy
340,normal,23.56215012279625,84.55489208780928,91.59030519205054,33.11948224304449,none,0,0,0,0.9109462469300937,0.806936151097616,0.859838419867509,0.6688051775695552,0.8210934388957257,Healthy
341,normal,23.456070291270763,88.84226764391325,89.44411368816576,40.50808730169621,none,0,0,0,0.913598242718231,0.8605283455489156,0.8240685614694293,0.594919126983038,0.8160355141706374,Healthy
342,normal,24.1527637448594,85.68074754828008,88.55038248676937,27.991452273084526,none,0,0,0,0.896180906378515,0.821009344353501,0.8091730414461561,0.7200854772691547,0.821008778962667,Healthy
343,normal,24.39140729849604,85.3071895111213,95.50183822115513,46.47825865767653,none,0,0,0,0.890214817537599,0.8163398688890162,0.9250306370192521,0.5352174134232348,0.804016016016482,Healthy
344,normal,23.983622454581948,87.0072411362869,90.58035581506012,51.276551808249565,none,0,0,0,0.9004094386354513,0.8375905142035862,0.8430059302510019,0.4872344819175044,0.7874480682854125,Healthy
345,normal,24.25060705846165,84.57991231096634,95.49047191552452,46.86646050816847,none,0,0,0,0.8937348235384588,0.8072489038870792,0.9248411985920754,0.5313353949183153,0.8015304369297396,Healthy
346,normal,25.063884701467515,85.62850824735023,92.48014418063586,48.44322583217772,none,0,0,0,0.8734028824633121,0.8203563530918778,0.8746690696772643,0.5155677416782228,0.7861751329376544,Healthy
347,normal,24.84518284731417,80.2836773258576,92.1175287067224,44.7450396189539,none,0,0,0,0.8788704288171457,0.7535459665732199,0.8686254784453733,0.5525496038104609,0.7739599350682765,Healthy
348,normal,25.397704648249025,83.26802063314902,90.00659210114779,37.24908138266584,none,0,0,0,0.8650573837937744,0.7908502579143628,0.8334432016857964,0.6275091861733415,0.7889627700842687,Healthy
349,normal,26.19564243770081,82.78182936010998,94.10083834023582,40.90271555643543,none,0,0,0,0.8451089390574797,0.7847728670013747,0.9016806390039304,0.5909728444356457,0.7874952385055716,Healthy
350,normal,23.26352309469612,83.97516491473371,92.45914686700095,42.83943008021798,none,0,0,0,0.9184119226325971,0.7996895614341714,0.8743191144500159,0.5716056991978202,0.8046154079495977,Healthy
351,normal,25.977887091857195,79.0021449049799,94.00470729585795,26.19295614232584,none,0,0,0,0.8505528227035701,0.7375268113122487,0.9000784549309659,0.7380704385767416,0.8040536689062872,Healthy
352,normal,25.645889200216388,91.84922250856351,92.16868323080143,47.24462909487705,none,0,0,0,0.8588527699945903,0.8981152813570439,0.8694780538466905,0.5275537090512294,0.8064967679850743,Healthy
353,normal,28.381350516035607,85.67718355975472,94.37628998943984,42.23320428797658,none,0,0,0,0.7904662370991098,0.820964794496934,0.9062714998239974,0.5776679571202342,0.7802172008676594,Healthy
354,normal,25.54644177789209,94.52574112772504,91.66917794324084,45.35827028553335,none,0,0,0,0.8613389555526978,0.9315717640965631,0.8611529657206807,0.5464172971446665,0.8193872684678476,Healthy
355,normal,26.812549256211387,87.88227179759434,91.80027202108852,39.92334315579185,none,0,0,0,0.8296862685947153,0.8485283974699293,0.863337867018142,0.6007665684420815,0.796285286911438,Healthy
356,normal,24.810439053337912,87.33945516191675,90.61106665817118,29.059804283083466,none,0,0,0,0.8797390236665522,0.8417431895239593,0.8435177776361864,0.7094019571691653,0.8270286109182237,Healthy
357,normal,23.913072796653704,84.54132357042646,95.87311710718387,44.965517243779786,none,0,0,0,0.9021731800836574,0.8067665446303307,0.9312186184530645,0.5503448275622022,0.8089946066172498,Healthy
358,normal,26.02811147341413,83.80264482742366,92.16955325201184,38.85648281422301,none,0,0,0,0.8492972131646468,0.7975330603427958,0.8694925542001973,0.61143517185777,0.7902346272638262,Healthy
359,normal,25.978029370677007,83.85720081196256,92.64012248275884,33.49693720349368,none,0,0,0,0.8505492657330749,0.798215010149532,0.8773353747126473,0.6650306279650632,0.8031024833003241,Healthy
360,normal,26.243128559865827,84.31831268724984,92.28860336536744,50.09606580976421,none,0,0,0,0.8439217860033543,0.803978908590623,0.871476722756124,0.4990393419023579,0.7684734213098897,Healthy
361,normal,25.590391765132,85.1599346539485,90.09475222514835,27.306461442063423,none,0,0,0,0.8602402058717,0.8144991831743562,0.8349125370858059,0.7269353855793658,0.8147914012468511,Healthy
362,normal,20.748733986562364,84.20801272952296,96.66797136681956,45.96830604566141,none,0,0,0,0.981281650335941,0.802600159119037,0.9444661894469927,0.540316939543386,0.8321211686345691,Healthy
363,normal,23.600388611934623,83.03048793697432,88.98191384993177,32.33561810575445,none,0,0,0,0.9099902847016345,0.7878810992121791,0.8163652308321961,0.6766438189424555,0.8079632251290744,Healthy
364,normal,25.497444918367208,82.91819655916028,92.25414084060812,44.99614222305541,none,0,0,0,0.8625638770408198,0.7864774569895034,0.8709023473434686,0.5500385777694459,0.7789005852316799,Healthy
365,normal,22.02436917174724,89.18235180716579,89.66118658787285,47.31412413212449,none,0,0,0,0.949390770706319,0.8647793975895723,0.8276864431312141,0.5268587586787551,0.8151600908507612,Healthy
366,normal,22.79789539525537,90.04675040516062,92.3757279351322,39.32790021021642,none,0,0,0,0.9300526151186157,0.8755843800645078,0.8729287989188701,0.6067209978978358,0.8376210579182782,Healthy
367,normal,26.941579152035864,84.62294780683624,91.91242571019734,45.54243989287853,none,0,0,0,0.8264605211991034,0.8077868475854529,0.8652070951699556,0.5445756010712147,0.7722307498836011,Healthy
368,normal,25.10290379178658,85.53851195033273,92.52427338120188,41.82348926041463,none,0,0,0,0.8724274052053355,0.8192313993791591,0.8754045563533647,0.5817651073958536,0.798931574125192,Healthy
369,normal,24.391584520462967,86.36166773297361,89.85419114327156,34.33778948417898,none,0,0,0,0.8902103869884258,0.8295208466621702,0.8309031857211927,0.6566221051582102,0.8134244282710594,Healthy
370,normal,26.61988678066487,86.88521363789519,90.5937377066924,37.44068756604054,none,0,0,0,0.8345028304833783,0.8360651704736899,0.8432289617782066,0.6255931243395947,0.7949348175106807,Healthy
371,normal,26.08883792398164,79.45677622384932,90.31910089778462,33.55900723391626,none,0,0,0,0.847779051900459,0.7432097027981165,0.8386516816297437,0.6644099276608374,0.7779089482676889,Healthy
372,normal,26.583551077329176,84.79060450115972,91.4965648586634,37.30035316674197,none,0,0,0,0.8354112230667706,0.8098825562644965,0.8582760809777235,0.6269964683325803,0.7906426436614409,Healthy
373,normal,25.161981945574084,84.19210736655724,92.6512176653634,41.43881206457758,none,0,0,0,0.8709504513606479,0.8024013420819655,0.8775202944227234,0.5856118793542242,0.7946319727881735,Healthy
374,normal,26.117851302616504,82.14555449059836,91.61726646995253,35.8439994868062,none,0,0,0,0.8470537174345873,0.7768194311324794,0.8602877744992088,0.641560005131938,0.7875315004963495,Healthy
375,normal,25.50032189608514,87.39542565265248,95.16606241647854,35.6286982607385,none,0,0,0,0.8624919525978715,0.842442820658156,0.9194343736079756,0.643713017392615,0.8241099101769265,Healthy
376,normal,25.328850465542487,81.88510896237209,91.13564501991108,47.29079917588496,none,0,0,0,0.8667787383614378,0.7735638620296511,0.8522607503318513,0.5270920082411503,0.7679733318319271,Healthy
377,normal,25.57643762054417,86.16760752815433,91.147652735379,40.44663894915649,none,0,0,0,0.8605890594863957,0.8270950941019292,0.8524608789229833,0.5955336105084351,0.7959041439627811,Healthy
378,normal,26.79960905920519,83.91797091110972,93.2645431704385,34.25976629292201,none,0,0,0,0.8300097735198703,0.7989746363888715,0.887742386173975,0.6574023370707799,0.7977242676215736,Healthy
379,normal,27.07411415858293,84.85069906846032,94.40630951380008,39.62502113455064,none,0,0,0,0.8231471460354267,0.8106337383557539,0.9067718252300013,0.6037497886544936,0.7922385880942532,Healthy
380,normal,25.48777960746763,83.30089348704195,87.75797239137495,35.63524330119657,none,0,0,0,0.8628055098133093,0.7912611685880243,0.7959662065229158,0.6436475669880344,0.78414275822259,Healthy
381,normal,26.69276582048901,83.81901166265195,92.92827555799008,35.20046868903475,none,0,0,0,0.8326808544877747,0.7977376457831493,0.8821379259665013,0.6479953131096525,0.795152197896508,Healthy
382,normal,23.040915500850943,81.78713004717952,92.08598911579844,43.66698177085835,none,0,0,0,0.9239771124787264,0.7723391255897439,0.8680998185966406,0.5633301822914165,0.7951808715981526,Healthy
383,normal,23.82739717651647,83.01999675697955,94.57051110466256,43.41984933570231,none,0,0,0,0.9043150705870883,0.7877499594622444,0.9095085184110426,0.5658015066429769,0.8026815140256036,Healthy
384,normal,23.567357646422764,85.20576522856207,90.61211967541269,35.75152272934251,none,0,0,0,0.910816058839431,0.8150720653570259,0.8435353279235448,0.6424847727065749,0.814970457384961,Healthy
385,normal,26.100060575040512,84.0867997601456,90.96730857959716,40.852029542645234,none,0,0,0,0.8474984856239872,0.8010849970018199,0.849455142993286,0.5914797045735476,0.7827620143011088,Healthy
386,normal,24.05199619698296,85.2167288262324,89.97717243395506,40.51174513649708,none,0,0,0,0.898700095075426,0.815209110327905,0.832952873899251,0.5948825486350291,0.7997398461278552,Healthy
387,normal,28.41385487689781,83.52747098750568,90.71399796305998,41.23740941039398,none,0,0,0,0.7896536280775548,0.794093387343821,0.845233299384333,0.5876259058960602,0.7616959456824913,Healthy
388,normal,24.159638204794124,82.92888469099091,92.49090414253536,31.87336552384568,none,0,0,0,0.8960090448801469,0.7866110586373865,0.8748484023755893,0.6812663447615432,0.8160089804826864,Healthy
389,normal,26.9838752545614,86.4972122029578,88.90945202768812,43.634662007677136,none,0,0,0,0.8254031186359649,0.8312151525369724,0.8151575337948019,0.5636533799232286,0.7727476640954872,Healthy
390,normal,27.026519664915327,81.11506709570051,91.85970263757784,41.91291425616912,none,0,0,0,0.8243370083771169,0.7639383386962564,0.864328377292964,0.5808708574383088,0.7655224510682664,Healthy
391,normal,22.92206855651623,92.6761197133834,91.67313042570623,43.3224122350325,none,0,0,0,0.9269482860870942,0.9084514964172925,0.8612188404284372,0.566775877649675,0.8362188783669384,Healthy
392,normal,23.327763355379943,85.48940675467468,89.95257544450547,39.70103029031112,none,0,0,0,0.9168059161155014,0.8186175844334335,0.8325429240750911,0.6029896970968889,0.8077335743990764,Healthy
393,normal,21.21743236778176,80.834488793971,90.49577529921557,38.03398830333747,none,0,0,0,0.969564190805456,0.7604311099246376,0.8415962549869261,0.6196601169666253,0.8112498646097384,Healthy
394,normal,22.7534919954839,84.89047726156538,94.18676415062328,45.9131271380678,none,0,0,0,0.9311627001129026,0.8111309657695672,0.9031127358437213,0.540868728619322,0.8114843926573496,Healthy
395,normal,26.49897197239544,83.86338413264045,89.07252387097579,42.54460141350597,none,0,0,0,0.837525700690114,0.7982923016580056,0.8178753978495964,0.5745539858649402,0.7692312774473432,Healthy
396,normal,28.24834552980591,84.44012575684712,94.00489347693149,39.4595303653433,none,0,0,0,0.7937913617548522,0.805501571960589,0.9000815579488581,0.605404696346567,0.7808851309737174,Healthy
397,normal,26.51584728863803,87.11674947292836,90.41892734010352,33.237080217601815,none,0,0,0,0.8371038177840492,0.8389593684116046,0.840315455668392,0.6676291978239819,0.804407886557171,Healthy
398,normal,23.81877574584428,84.96913481763035,95.01090119700996,44.00839804671461,none,0,0,0,0.9045306063538929,0.8121141852203794,0.9168483532834993,0.5599160195328539,0.8103463120355523,Healthy
399,normal,25.10724224284796,90.60623712440044,91.11802863844063,58.6337382756603,none,0,0,0,0.872318943928801,0.8825779640550054,0.8519671439740105,0.41366261724339703,0.7795950246386235,Healthy
400,fault,52.27382097674434,51.74193928891391,73.40052291910862,32.2366017342346,thermal,1,0,1,0.19315447558139154,0.3967742411114239,0.5566753819851438,0.6776339826576541,0.4238404879364042,Critical
401,fault,38.61482531879304,38.90001781691787,73.67158908636759,71.86864740197622,power,1,0,1,0.534629367030174,0.23625022271147333,0.5611931514394598,0.28131352598023784,0.39976521240643376,Critical
402,fault,39.64645224766359,58.0904955249427,62.37249740557469,100.0771285464707,none,1,0,1,0.5088386938084103,0.4761311940617838,0.3728749567595782,-0.000771285464707061,0.3699117006200324,Critical
403,fault,43.774153167197824,60.813968480899874,77.89586121627256,86.14094614614116,none,1,0,0,0.4056461708200544,0.5101746060112484,0.6315976869378761,0.13859053853858838,0.4287838781446837,Critical
404,fault,72.3968331619894,36.819064903408986,44.21514104287709,40.99607266885384,communication,1,1,1,-0.30992082904973506,0.21023831129261233,0.07025235071461822,0.5900392733114617,0.10215356947807917,Critical
405,fault,52.402851312099685,66.67052254850127,67.83705933944194,74.5468268857875,communication,1,0,0,0.18992871719750792,0.5833815318562658,0.4639509889906989,0.254531731142125,0.3756896187426969,Critical
406,fault,45.329560859117606,48.020793781396335,68.161027209809,82.8990884435279,none,1,0,0,0.3667609785220598,0.35025992226745417,0.46935045349681676,0.17100911556472098,0.3431781840491617,Critical
407,fault,70.14998541541596,66.70514432803422,67.1831965518373,62.366665167946046,thermal,1,1,1,-0.25374963538539896,0.5838143041004278,0.453053275863955,0.37633334832053955,0.2648967254514076,Critical
408,fault,46.74343068768715,70.50959004866019,38.32373141172346,54.11002410827957,communication,1,1,1,0.33141423280782123,0.6313698756082523,-0.02793780980460904,0.45889975891720436,0.3750276223473411,Critical
409,fault,63.041911728740345,51.81594964890856,54.506018938822805,84.36544022133164,thermal,1,1,1,-0.07604779321850863,0.39769937061135696,0.24176698231371344,0.15634559778668367,0.17611798923793393,Critical
410,fault,48.55509617514564,45.23798055084267,70.74632938920894,66.0718518179719,none,1,0,0,0.2861225956213589,0.3154747568855334,0.5124388231534823,0.33928148182028095,0.3508232667468204,Critical
411,fault,50.98107590633106,22.33348710468769,51.48578063156216,64.26716026758436,communication,1,1,1,0.22547310234172357,0.02916858880859614,0.19142967719270262,0.35732839732415644,0.18614412224846774,Critical
412,fault,48.28285685366532,53.54306413684064,55.84529762358296,68.08266157573561,none,1,0,0,0.29292857865836697,0.419288301710508,0.26408829372638265,0.31917338424264385,0.33031739970446783,Critical
413,fault,43.46879341356781,64.44146201762413,57.90305443421515,91.42715785791816,communication,1,0,0,0.41328016466080475,0.5555182752203016,0.2983842405702525,0.08572842142081838,0.3674620643625461,Critical
414,fault,42.1257808926044,61.94181907966305,39.94468444158072,75.85387612546828,communication,1,1,1,0.44685547768488987,0.5242727384957881,-0.0009219259736546803,0.24146123874531722,0.33944632740853586,Critical
415,fault,40.33089111581839,47.87597691621141,68.46112713851183,95.47927898198957,none,1,0,1,0.4917277221045403,0.3484497114526426,0.47435211897519713,0.04520721018010432,0.3559650958982151,Critical
416,fault,48.957144684583504,39.43545169905027,48.3443670452851,79.69312454134995,none,1,1,1,0.27607138288541244,0.24294314623812835,0.13907278408808493,0.20306875458650053,0.22413266647197932,Critical
417,fault,48.81854297825439,70.02295085699731,38.31743887273006,68.36501761044609,communication,1,1,1,0.2795364255436402,0.6252868857124664,-0.02804268545449903,0.3163498238955391,0.32910842106504,Critical
418,fault,45.5118226388522,76.44362627424165,64.71468473008996,72.21935868004938,none,1,0,0,0.36220443402869495,0.7055453284280206,0.41191141216816596,0.27780641319950616,0.4582684938105491,Critical
419,fault,47.396030772170455,53.08048051747412,69.66642423473337,82.68712107771994,none,1,0,0,0.31509923069573864,0.4135060064684265,0.4944404039122228,0.17312878922280062,0.3520954097762542,Critical
420,fault,46.0292477305463,33.22971464342468,53.68687410353722,69.88350572147976,communication,1,1,1,0.3492688067363424,0.1653714330428085,0.22811456839228703,0.30116494278520234,0.26024797416924317,Critical
421,fault,44.761071336002296,55.98267864891146,64.46862014537628,93.78456580932928,none,1,0,0,0.38097321659994265,0.44978348311139327,0.4078103357562713,0.06215434190670721,0.3432199454459965,Critical
422,fault,44.03132009910337,60.416275883746,70.97777711696713,64.44780700775995,none,1,0,0,0.3992169975224158,0.5052034485468251,0.5162962852827856,0.3555219299224005,0.4456897768618095,Critical
423,fault,58.847589012739874,60.907627358863856,71.05476972616641,53.263561806718286,thermal,1,0,1,0.0288102746815031,0.5113453419857982,0.5175794954361069,0.46736438193281715,0.3590354604739752,Critical
424,fault,44.28398379017277,44.196535642642026,78.10269049036556,63.96555084825445,power,1,0,1,0.3929004052456808,0.30245669553302534,0.6350448415060926,0.3603444915174555,0.40768499683832143,Critical
425,fault,45.609416326455055,66.37202267986453,65.2694804855218,89.75305284746086,none,1,0,0,0.35976459183862364,0.5796502834983066,0.42115800809202997,0.10246947152539132,0.3865499585245633,Critical
426,fault,33.30615180907137,74.1970317871411,74.47491470611334,89.84102638120036,none,1,0,0,0.6673462047732157,0.6774628973392638,0.5745819117685557,0.10158973618799638,0.5386770602250542,Warning
427,fault,48.68203552408753,51.51633675084946,70.91458619124795,108.2348525972628,none,1,0,1,0.2829491118978117,0.39395420938561826,0.5152431031874658,-0.08234852597262798,0.28964991182799654,Critical
428,fault,43.835709559430725,64.78356001731746,59.398881866357385,83.05357430250527,none,1,0,0,0.4041072610142319,0.5597945002164681,0.32331469777262306,0.16946425697494727,0.38772631931872403,Critical
429,fault,52.03020684035675,51.90556507131598,55.16787967945383,75.4295620442,communication,1,0,0,0.1992448289910813,0.3988195633914498,0.25279799465756386,0.24570437955800006,0.2791197925578721,Critical
430,fault,67.68911538465919,31.040857328907784,46.66306526616069,88.91105632800836,communication,1,1,1,-0.19222788461647977,0.13801071661134728,0.11105108776934489,0.11088943671991647,0.028122954496312528,Critical
431,fault,38.80024865667081,57.7020418795531,80.5523006873831,96.54767096034584,none,1,0,1,0.5299937835832298,0.47127552349441376,0.6758716781230516,0.03452329039654156,0.4424597858272117,Critical
432,fault,39.7150559263721,57.49205355328056,75.32288084071443,94.43975695456751,none,1,0,0,0.5071236018406975,0.468650669416007,0.5887146806785739,0.05560243045432489,0.4215957036035911,Critical
433,fault,48.0830343213892,33.77943418206091,56.51805627486536,88.56175741789131,none,1,1,1,0.29792414196527006,0.17224292727576138,0.2753009379144226,0.11438242582108682,0.21898679351941133,Critical
434,fault,38.47393694457345,30.83294384295388,74.87038515083208,88.06279306623183,power,1,1,1,0.5381515763856637,0.13541179803692352,0.5811730858472013,0.11937206933768163,0.34217804336375274,Critical
435,fault,48.553788410761925,38.191938562676086,73.61674427582095,74.02576593384742,power,1,0,0,0.28615528973095183,0.22739923203345108,0.5602790712636825,0.2597423406615258,0.3180706389143625,Critical
436,fault,61.234766148424896,55.8339690254882,76.23685454936268,56.363854174900055,thermal,1,1,1,-0.030869153710622488,0.4479246128186025,0.6039475758227113,0.4363614582509995,0.3331784445471362,Critical
437,fault,49.419832063691615,49.126150324489366,56.96971816278036,68.31725114859867,communication,1,0,0,0.26450419840770967,0.3640768790561171,0.28282863604633934,0.3168274885140133,0.30850554815121856,Critical
438,fault,48.67556879928617,55.565736726888574,74.65687335840889,73.85179938992836,none,1,0,0,0.28311078001784584,0.44457170908610716,0.5776145559734814,0.26148200610071637,0.3861240591460255,Critical
439,fault,57.27777020800824,62.27236206572167,71.67410026814919,99.21853178099772,thermal,1,0,1,0.06805574479979393,0.5284045258215209,0.5279016711358199,0.007814682190022793,0.2860813518515629,Critical
440,fault,48.1156107559813,49.15584799279543,69.80116467804393,86.79969616104789,none,1,0,0,0.29710973110046746,0.36444809990994287,0.4966860779673989,0.1320030383895211,0.3242051725745071,Critical
441,fault,45.12010433492124,59.40234746206897,58.873487842108986,63.11913478515525,none,1,0,0,0.3719973916269691,0.49252934327586206,0.31455813070181643,0.3688086521484475,0.3960313770409021,Critical
442,fault,43.87814769568773,63.20250320131261,72.04180411148823,82.59940280614461,none,1,0,0,0.4030463076078068,0.5400312900164076,0.5340300685248038,0.17400597193855394,0.4245304873799359,Critical
443,fault,57.57084454576314,48.14543140104934,85.32890915469167,92.81025541163008,none,1,0,1,0.06072888635592155,0.3518178925131168,0.7554818192448612,0.07189744588369917,0.2892398866864236,Critical
444,fault,53.56355298623481,58.3544719570984,41.88157488816034,45.71596802416962,communication,1,1,1,0.1609111753441297,0.47943089946372996,0.03135958146933895,0.5428403197583038,0.3069426026878864,Critical
445,fault,57.35631404072632,64.4349386137715,47.88546764891184,54.78740481031868,communication,1,1,1,0.06609214898184201,0.5554367326721437,0.13142446081519737,0.45212595189681326,0.30316874703859786,Critical
446,fault,42.27721750957138,59.05556110832637,65.52460860856222,82.16919524236897,none,1,0,0,0.4430695622607155,0.48819451385407964,0.42541014347603695,0.17830804757631025,0.40012286104490796,Critical
447,fault,44.132021071303846,58.09320816162007,69.32610434335763,103.78770640515832,none,1,0,1,0.39669947321740384,0.47616510202025086,0.48876840572262714,-0.03787706405158309,0.3520376409055052,Critical
448,fault,43.43603536796441,32.78043264222262,66.02212683207348,90.13695895794974,none,1,1,1,0.41409911580088976,0.15975540802778276,0.43370211386789137,0.09863041042050258,0.27862286200628056,Critical
449,fault,39.75502516542066,69.22138996080349,71.02077505445203,55.88782253909757,none,1,0,1,0.5061243708644835,0.6152673745100437,0.5170129175742005,0.44112177460902435,0.5280444620490031,Warning
450,fault,58.34574824776804,38.8796838061589,74.72489861455611,61.2793906558674,power,1,0,1,0.04135629380579897,0.23599604757698628,0.5787483102426019,0.38720609344132595,0.2763965831516212,Critical
451,fault,55.00928908745605,61.12541989836784,68.2737642229066,95.69755517273148,none,1,0,1,0.12476777281359885,0.5140677487295979,0.47122940371511013,0.043024448272685145,0.2945014268605181,Critical
452,fault,54.88421519088534,58.77728159889161,64.14846463038393,74.51606985259754,thermal,1,0,0,0.12789462022786646,0.48471601998614516,0.40247441050639876,0.25483930147402456,0.31524593446028815,Critical
453,fault,38.34079906860116,69.99540727921516,88.37646544835447,70.82851908398688,none,0,0,0,0.541480023284971,0.6249425909901895,0.8062744241392411,0.29171480916013126,0.5695246309424226,Warning
454,fault,50.462414495840896,30.706701178166103,64.05371165347992,86.54337165006409,power,1,1,1,0.23843963760397757,0.13383376472707628,0.40089519422466535,0.13456628349935906,0.21877431624412105,Critical
455,fault,44.0479590673456,51.23966472542813,86.09901033089467,100.6629452562124,none,1,0,1,0.3988010233163599,0.3904958090678516,0.7683168388482445,-0.006629452562123994,0.3891265269724875,Critical
456,fault,47.82946847410712,20.87197991439781,67.66132144341648,80.73797101588744,power,1,1,1,0.30426328814732206,0.010899748929972608,0.46102202405694137,0.19262028984112556,0.22527737390280178,Critical
457,fault,47.95885009172869,70.83111102225378,81.85302627506564,63.15245804848273,none,1,0,0,0.3010287477067827,0.6353888877781723,0.6975504379177607,0.3684754195151727,0.4941304621320732,Critical
458,fault,45.23000564692477,42.51410929211417,57.60860867916647,76.49544198535598,none,1,0,0,0.36924985882688066,0.28142636615142713,0.2934768113194412,0.23504558014644017,0.3009073457866686,Critical
459,fault,43.025107017811806,30.03174712236213,58.43017918653979,91.20559957026276,power,1,1,1,0.42437232455470486,0.12539683902952664,0.30716965310899647,0.08794400429737237,0.24395348055654323,Critical
460,fault,38.20277324834649,70.27913177334479,60.09002262269242,78.4742754225841,none,1,0,0,0.5449306687913378,0.6284891471668098,0.33483371037820703,0.21525724577415906,0.4620441360179175,Critical
461,fault,54.51747035180747,55.43428338180353,67.16420973716795,80.96518043531863,communication,1,0,0,0.13706324120481328,0.44292854227254413,0.4527368289527992,0.1903481956468137,0.3026145399631298,Critical
462,fault,37.325840974110974,56.064733459244025,67.7204854535238,53.558621504488585,none,1,0,1,0.5668539756472256,0.4508091682405503,0.46200809089206346,0.4644137849551142,0.4905833183357683,Critical
463,fault,48.29117792378016,50.49356310623381,76.05177342896509,91.81845791701753,none,1,0,0,0.29272055190549595,0.3811695388279226,0.6008628904827515,0.08181542082982474,0.3387026894825408,Critical
464,fault,45.676553405318046,33.41079923370856,71.45521133594734,98.42235773948138,power,1,1,1,0.3580861648670488,0.167634990421357,0.524253522265789,0.01577642260518619,0.2657223355607168,Critical
465,fault,55.15583635849267,59.89682790061533,60.15327897756103,68.99834041449421,none,1,0,0,0.12110409103768327,0.4987103487576916,0.3358879829593505,0.3100165958550579,0.31512524770149414,Critical
466,fault,47.01813901567815,71.38670453217485,64.68484718819343,85.7382003181614,none,1,0,0,0.3245465246080462,0.6423338066521855,0.41141411980322384,0.14261799681838594,0.40087052270239154,Critical
467,fault,54.34163317620512,73.72112278421977,65.52390490880326,72.47416664134246,none,1,0,1,0.141459170594872,0.6715140348027472,0.425398415146721,0.27525833358657537,0.38402331136594503,Critical
468,fault,52.176038470847786,77.05032191772492,63.4280889744824,94.44821348343716,none,1,0,1,0.1955990382288053,0.7131290239715614,0.39046814957470666,0.0555178651656284,0.3618156216081771,Critical
469,fault,48.33585000865943,75.66508536364562,78.18801993008422,68.71751857539604,none,1,0,0,0.29160374978351433,0.6958135670455702,0.636466998834737,0.3128248142460396,0.4860835576648807,Critical
470,fault,47.7552751830134,41.55124202055606,66.25947123262142,77.75818618727853,power,1,0,0,0.3061181204246649,0.26939052525695073,0.4376578538770237,0.22241813812721478,0.3046677921053324,Critical
471,fault,48.66187451628649,64.92692738847875,65.37965100636167,87.38433155594342,none,1,0,0,0.2834531370928378,0.5615865923559843,0.4229941834393612,0.12615668444056582,0.3633420924106321,Critical
472,fault,41.31661493438949,61.05261148141629,67.70376734750656,67.33776208944016,none,1,0,0,0.46708462664026273,0.5131576435177037,0.46172945579177593,0.32662237910559844,0.4517430480268648,Critical
473,fault,44.47569565121192,53.642279146450086,78.13594756222989,80.71814765821749,none,1,0,0,0.38810760871970196,0.4205284893306261,0.6355991260371648,0.19281852341782513,0.4082743593060964,Critical
474,fault,45.64149543592305,69.98165600243986,87.33648828175343,88.43851672564159,none,1,0,0,0.35896261410192376,0.6247707000304983,0.7889414713625572,0.11561483274358408,0.47603125506095484,Critical
475,fault,34.9759526665844,68.53130568270834,68.6251082443694,71.82750848658333,none,1,0,0,0.62560118333539,0.6066413210338542,0.47708513740615666,0.28172491513416675,0.521434761818838,Warning
476,fault,43.785147732499055,24.756051869253724,49.93813354024615,54.74122734119823,communication,1,1,1,0.40537130668752364,0.05945064836567156,0.16563555900410248,0.4525877265880177,0.26309124363438263,Critical
477,fault,46.38104984534871,45.5513909067185,68.795566515031,86.3763078315245,none,1,0,0,0.3404737538662822,0.31939238633398126,0.47992610858385,0.13623692168475499,0.32119244811380004,Critical
478,fault,54.35072968254461,65.59860947617817,85.09850185907712,88.96502893032324,none,1,0,1,0.14123175793638476,0.5699826184522271,0.7516416976512853,0.11034971069676758,0.38576259458619416,Critical
479,fault,41.461271094701246,51.71605001853263,69.47119584154332,89.37300111762595,none,1,0,0,0.4634682226324689,0.39645062523165786,0.49118659735905534,0.1062699888237405,0.37746697159579723,Critical
480,fault,41.51276113670177,35.57346458691535,43.18770799025375,68.80281589324832,communication,1,1,1,0.46218097158245575,0.19466830733644186,0.05312846650422915,0.31197184106751674,0.27007484519001845,Critical
481,fault,42.09158799558787,69.71397985623474,50.03092391694847,91.13739354363172,communication,1,1,1,0.4477103001103032,0.6214247482029343,0.16718206528247445,0.08862606456368283,0.3719021404632027,Critical
482,fault,47.09192782332512,50.54601062128588,78.1700145618492,92.7918982190004,none,1,0,0,0.3227018044168719,0.3818251327660735,0.6361669093641533,0.07208101780999598,0.3530076665897135,Critical
483,fault,44.894701096938086,71.33143523469876,60.43931067651242,79.0212893333425,none,1,0,0,0.37763247257654786,0.6416429404337345,0.34065517794187367,0.20978710666657507,0.4158710808247745,Critical
484,fault,54.155527660078334,60.05901199202872,74.99272622652,65.31644395261473,thermal,1,0,0,0.14611180849804162,0.5007376499003591,0.5832121037753334,0.34683556047385267,0.3800643703693574,Critical
485,fault,39.65906489477043,51.53285265173471,57.28006484791038,62.47940032725997,none,1,0,1,0.5085233776307392,0.39416065814668383,0.28800108079850634,0.3752059967274003,0.4034466262384082,Critical
486,fault,48.43158365377198,70.67931684580986,72.89554763492127,78.75861504943374,none,1,0,0,0.28921040865570047,0.6334914605726233,0.5482591272486879,0.21241384950566256,0.42894515611936723,Critical
487,fault,68.17517122686793,54.50865170231995,57.14558496737047,67.93284580211179,thermal,1,1,1,-0.2043792806716982,0.4313581462789994,0.28575974945617444,0.32067154197888215,0.18937991796920167,Critical
488,fault,46.62688133727527,66.60664364861606,68.52999532472417,72.7578392471965,none,1,0,0,0.33432796656811825,0.5825830456077007,0.47549992207873615,0.272421607528035,0.4246576095740999,Critical
489,fault,43.820039912751966,61.24757101364538,51.21700827613991,76.59463840138005,none,1,0,0,0.40449900218120083,0.5155946376705672,0.18695013793566512,0.23405361598619945,0.3602288427399033,Critical
490,fault,33.848916763401924,61.353886052180144,67.41326958769652,91.44267749306162,none,1,0,1,0.6537770809149519,0.5169235756522518,0.45688782646160864,0.08557322506938381,0.4597024072763596,Critical
491,fault,63.178654689495886,63.38991692072048,65.17086564398554,59.15024108943663,thermal,1,1,1,-0.0794663672373972,0.542373961509006,0.4195144273997589,0.4084975891056337,0.30447468158256114,Critical
492,fault,55.077838613656894,54.36498131777199,61.51157681985212,80.3233150229476,none,1,0,0,0.12305403465857767,0.4295622664721499,0.3585262803308686,0.19676684977052405,0.27684351635949683,Critical
493,fault,61.37853779996743,54.44832261038541,56.46873319570114,70.94991228006968,communication,1,1,1,-0.034463444999185855,0.4306040326298176,0.274478886595019,0.2905008771993032,0.23183812904805395,Critical
494,fault,61.31464508690591,33.4565641710502,77.29343229792785,78.68573818586347,power,1,1,1,-0.03286612717264781,0.16820705213812753,0.6215572049654642,0.21314261814136526,0.2075422421110098,Critical
495,fault,48.262611675409616,58.19152970665675,74.07377712355874,64.37233155711563,none,1,0,0,0.2934347081147596,0.4773941213332094,0.5678962853926457,0.35627668442884375,0.4160832427986885,Critical
496,fault,52.20838361778424,57.82445681197818,76.77215587112934,76.46327674372118,none,1,0,0,0.19479040955539395,0.4728057101497273,0.6128692645188224,0.23536723256278824,0.36992613532785845,Critical
497,fault,49.32737811361568,35.7250341255518,71.86461507337299,67.78330862030892,power,1,1,1,0.266815547159608,0.1965629265693975,0.5310769178895498,0.32216691379691087,0.3096623084559938,Critical
498,fault,50.72829252530434,63.65126372993016,65.93835334259666,81.50193269151625,power,1,0,0,0.23179268686739152,0.545640796624127,0.4323058890432776,0.18498067308483757,0.35668735747307856,Critical
499,fault,44.327584045789166,57.592453214896906,54.65516696991156,67.05101486165326,none,1,0,0,0.3918103988552708,0.46990566518621135,0.24425278283185936,0.3294898513834674,0.37326334605551,Critical
